symbol,uniprot_id,log2_age4_over_age1,adj_p_val,cluster
ACOX2,Q99424,-0.571407424969671,0.000842777806229428,Decreased in senescence
ADARB1,P78563,-0.44275939853533,0.0020713407772555,Decreased in senescence
ADGRG6,Q86SQ4,-0.857374296542382,0.000217118954995623,Decreased in senescence
AKAP12,Q02952,-0.628948704782175,0.000261511079642027,Decreased in senescence
AKR1B10,O60218,-1.94215503398334,2.28930591550905e-05,Decreased in senescence
AKR1C2,P52895,-1.96515916464961,0.000146758692917151,Decreased in senescence
AMIGO2,Q86SJ2,-0.86305386418142,0.000880481480758557,Decreased in senescence
APCDD1L,Q8NCL9,-0.984261499133318,2.75613291740185e-05,Decreased in senescence
ASF1A,Q9Y294,-0.746833763743453,0.0071633079967473,Decreased in senescence
ATAD2,Q6PL18,-0.379311693611051,0.00491141988283395,Decreased in senescence
BDKRB1,P46663,-0.420608027796007,0.00738249862467118,Decreased in senescence
BRCA1,P38398,-0.575849784034368,0.0071826571942031,Decreased in senescence
BUB1,O43683,-0.340581508389327,0.00264542262263467,Decreased in senescence
BUB1B,O60566,-0.372821876161144,0.00186097979421439,Decreased in senescence
C16orf87,Q6PH81,-0.796559818005095,0.00263206369913172,Decreased in senescence
CCDC71L,Q8N9Z2,-0.410117529265861,0.00461505928198959,Decreased in senescence
CCNA2,P20248,-0.415734520594064,0.00318075843756384,Decreased in senescence
CD274,Q9NZQ7,-0.585025194262769,0.000298104378149711,Decreased in senescence
CDC20,Q12834,-0.415698848613513,0.00300200244394629,Decreased in senescence
CENPM,Q9NSP4,-0.494081607371875,0.00139632511692361,Decreased in senescence
CENPP,Q6IPU0,-0.597708072062206,0.00149543267614609,Decreased in senescence
CGAS,Q8N884,-0.646942792258731,0.000224642545014352,Decreased in senescence
CHEK1,O14757,-0.397551072689922,0.000323366302897205,Decreased in senescence
CIT,O14578,-0.572017221831217,0.000304076012950938,Decreased in senescence
CLDN4,O14493,-0.891493495361864,0.000992545263637772,Decreased in senescence
CNN1,P51911,-0.685086488375653,0.00183477796835445,Decreased in senescence
CRIP2,P52943,-0.342284734036408,0.00559345891326161,Decreased in senescence
CRMP1,Q14194,-0.516242971498041,0.00205870289165039,Decreased in senescence
CRYAB,P02511,-1.79969994897068,6.30024987930267e-05,Decreased in senescence
CTTNBP2,Q8WZ74,-0.433932177002799,0.0050200277512708,Decreased in senescence
CYB5R2,Q6BCY4,-0.478124775554608,0.00493196485371966,Decreased in senescence
CYBA,P13498,-1.0168894863157,0.000682191251098398,Decreased in senescence
DES,P17661,-2.21041558649468,5.98645781814605e-06,Decreased in senescence
DSG2,Q14126,-2.5710780940772,9.61495516681319e-06,Decreased in senescence
DSP,P15924,-1.1446988441135,0.0027785149060796,Decreased in senescence
ENDOD1,O94919,-1.6230618555342,5.98645781814605e-06,Decreased in senescence
EPS8,Q12929,-0.323132258192729,0.00190211203508504,Decreased in senescence
ETS1,P14921,-0.606033056202811,0.00379323167857337,Decreased in senescence
FABP4,P15090,-0.916878319336895,0.00184964923872763,Decreased in senescence
FABP5,Q01469,-0.334419731219228,0.00612092729089847,Decreased in senescence
FAM162B,Q5T6X4,-0.423393462499444,0.00481038001987509,Decreased in senescence
FAM171A1,Q5VUB5,-0.339682225444811,0.00148861571230339,Decreased in senescence
FLI1,Q01543,-0.740289961050749,0.00567360325616629,Decreased in senescence
GCLM,P48507,-0.412199493183664,0.00120885195032347,Decreased in senescence
GEM,P55040,-0.576401903256286,0.000909304509990665,Decreased in senescence
GEN1,Q17RS7,-0.326596736939571,0.00606580213626267,Decreased in senescence
H1-0,P07305,-0.565997679396524,0.00318788641091908,Decreased in senescence
H1-2,P16403,-0.685875727162902,0.00651973469455425,Decreased in senescence
H1-4,P10412,-1.58053722027201,0.00325574551496747,Decreased in senescence
H1-5,P16401,-0.355963227509179,0.00976083634607988,Decreased in senescence
H2AC21,Q8IUE6,-0.652173166429208,0.007986743998434,Decreased in senescence
HELLS,Q9NRZ9,-0.359648225719443,0.00141539139012317,Decreased in senescence
HMOX1,P09601,-0.750874222243681,0.000681505223889196,Decreased in senescence
HPDL,Q96IR7,-0.702047688329227,0.000323366302897205,Decreased in senescence
IFRD1,O00458,-0.402935621197539,0.00649219873227126,Decreased in senescence
IRF6,O14896,-2.0022812553662,5.98645781814605e-06,Decreased in senescence
KIF11,P52732,-0.413914866812789,0.00112600588795887,Decreased in senescence
KIF4A,O95239,-0.324431369593647,0.00444601282418782,Decreased in senescence
KLF10,Q13118,-0.934099596811995,0.00634690579520594,Decreased in senescence
KRT18,P05783,-0.677351988086876,6.30024987930267e-05,Decreased in senescence
KRT19,P08727,-2.51101533153988,6.6182593901101e-06,Decreased in senescence
KRT7,P08729,-1.49348913087761,2.50644193994463e-06,Decreased in senescence
KRT8,P05787,-1.04388909220947,0.000304076012950938,Decreased in senescence
MEA1,Q16626,-0.39886733000084,0.00667210101148044,Decreased in senescence
MEX3A,A1L020,-0.432558087005333,0.00683848654552983,Decreased in senescence
MEX3B,Q6ZN04,-0.613091331552162,0.00160663408674821,Decreased in senescence
MRFAP1,Q9Y605,-0.418559878077847,0.00718530138437536,Decreased in senescence
MYPN,Q86TC9,-0.435274383258644,0.00384328920734688,Decreased in senescence
NDFIP1,Q9BT67,-0.499813429175695,0.00957045271892995,Decreased in senescence
NEK7,Q8TDX7,-0.386732106957673,0.000465088386717623,Decreased in senescence
NGRN,Q9NPE2,-0.626916025300247,0.00202484188907807,Decreased in senescence
NSL1,Q96IY1,-0.330287419633898,0.00802465325209575,Decreased in senescence
OCIAD2,Q56VL3,-0.861922106802744,1.20462718169347e-05,Decreased in senescence
ORC6,Q9Y5N6,-0.464004559718735,0.00879174311243966,Decreased in senescence
OTUD5,Q96G74,-0.33313815090332,0.00848338569945357,Decreased in senescence
PCDHGB5,Q9Y5G0,-0.698049439414135,0.00646363267988046,Decreased in senescence
PDE1C,Q14123,-0.689768698853175,0.000637030767251514,Decreased in senescence
PDLIM3,Q53GG5,-1.02876315595341,0.000119236439461064,Decreased in senescence
PHETA2,Q6ICB4,-0.477098281302535,0.00411098594538545,Decreased in senescence
PHF19,Q5T6S3,-0.392943784509704,0.00141539139012317,Decreased in senescence
PLIN2,Q99541,-1.36604733949692,6.30024987930267e-05,Decreased in senescence
PNPLA4,P41247,-1.568086357884,0.000313865456399877,Decreased in senescence
PPP1R13L,Q8WUF5,-0.911537327390157,4.79321214015764e-05,Decreased in senescence
PRRX2,Q99811,-1.06973087335623,0.00108179685321149,Decreased in senescence
PRXL2A,Q9BRX8,-2.77865151795296,4.95577139190113e-05,Decreased in senescence
QNG1,Q5T6V5,-0.783305377943201,0.000111744768712558,Decreased in senescence
RAD51,Q06609,-0.679955540681625,0.00760439977478478,Decreased in senescence
RAD51AP1,Q96B01,-0.583150586876979,0.000442362781382763,Decreased in senescence
RCCD1,A6NED2,-0.579018977701317,0.000742523824799434,Decreased in senescence
RECQL4,O94761,-0.343568397704022,0.00303276610365075,Decreased in senescence
RNASEH2C,Q8TDP1,-0.344576170804615,0.00617681743380035,Decreased in senescence
SEL1L3,Q68CR1,-0.600015267521691,0.00355078474529592,Decreased in senescence
SET,Q01105,-0.61396389256171,0.00059070539104005,Decreased in senescence
SGO2,Q562F6,-0.354583157267797,0.00950181290549959,Decreased in senescence
SKA1,Q96BD8,-0.554999201430459,0.000261511079642027,Decreased in senescence
SKA3,Q8IX90,-0.338712434383879,0.00817469335980598,Decreased in senescence
SKI,P12755,-0.422756584782789,0.00233111100416714,Decreased in senescence
SKIL,P12757,-0.666523178852804,0.000889598190691753,Decreased in senescence
SLC12A7,Q9Y666,-0.629374517133865,0.000210122252347713,Decreased in senescence
SLC2A12,Q8TD20,-0.788160998298551,0.00253900126864801,Decreased in senescence
SLC38A5,Q8WUX1,-1.19280024895459,1.97634184219472e-05,Decreased in senescence
SLC7A11,Q9UPY5,-0.70464680033394,0.000364998642421424,Decreased in senescence
SLC7A14,Q8TBB6,-0.603270507986903,0.00630285419795307,Decreased in senescence
SLC7A2,P52569,-1.61232846732941,1.20462718169347e-05,Decreased in senescence
SMCR8,Q8TEV9,-0.382568093735877,0.00427333043698047,Decreased in senescence
SNCG,O76070,-1.83943513946729,0.000168785810048198,Decreased in senescence
SPDL1,Q96EA4,-0.384001623010946,0.00603809682587845,Decreased in senescence
SPHK1,Q9NYA1,-0.475759004577693,0.00141649937884749,Decreased in senescence
SSBP3,Q9BWW4,-0.45894007887647,0.00569934238794916,Decreased in senescence
STIL,Q15468,-0.60940775449423,0.0017030084278284,Decreased in senescence
TCF12,Q99081,-0.519282088335153,0.00214951405609617,Decreased in senescence
TES,Q9UGI8,-0.452492941057756,0.00272977963165063,Decreased in senescence
TGFB1,P01137,-0.325280605672688,0.00376931983575899,Decreased in senescence
THBS2,P35442,-0.797510862856829,0.00188800359912806,Decreased in senescence
TIPIN,Q9BVW5,-0.414369048020159,0.00324033559722295,Decreased in senescence
TSPYL5,Q86VY4,-0.8403778270274,9.96380413869021e-05,Decreased in senescence
TXNDC16,Q9P2K2,-0.422628454563224,0.00435013655667564,Decreased in senescence
TXNRD1,Q16881,-0.358390976063415,0.00194371894266298,Decreased in senescence
UBE2T,Q9NPD8,-0.529890009281342,0.00615446482363042,Decreased in senescence
UHRF1,A0A087WVR3,-0.377185208539441,0.00204464658024122,Decreased in senescence
ZFHX4,Q86UP3,-1.15821197324828,1.20462718169347e-05,Decreased in senescence
ZMYND19,Q96E35,-0.450218518316973,0.0025625912234677,Decreased in senescence
ZNF185,O15231,-1.39109641066968,6.6182593901101e-06,Decreased in senescence
AASS,Q9UDR5,0.523503369324843,0.000236425497322151,Increased in senescence
ABCA1,O95477,0.883564938725549,4.08430176151099e-05,Increased in senescence
ABCB10,Q9NRK6,0.48290650100547,0.00154466369830461,Increased in senescence
ABCC10,Q5T3U5,0.393932047676451,0.0021713558892392,Increased in senescence
ABCC4,O15439,0.424093945699177,0.00198453681580578,Increased in senescence
ABCC5,O15440,0.422535041211518,0.00585466690709494,Increased in senescence
ABCD1,P33897,0.658408229839274,0.000146758692917151,Increased in senescence
ABCD3,P28288,0.328315013688481,0.00140214583818159,Increased in senescence
ABHD12,Q8N2K0,0.509941983758065,0.000110442917677721,Increased in senescence
ACAA1,P09110,0.598404111230884,0.000153140953046674,Increased in senescence
ACAD10,Q6JQN1,0.372452097282551,0.00116364547995755,Increased in senescence
ACAD11,Q709F0,0.487209611700472,0.0012009163741102,Increased in senescence
ACAD8,Q9UKU7,0.38918360549177,0.00493196485371966,Increased in senescence
ACADSB,P45954,0.349222637246413,0.00546597892976809,Increased in senescence
ACO2,Q99798,0.403554859406665,0.000382085508318252,Increased in senescence
ACOT1,Q86TX2,0.689841514469315,0.00749804623363104,Increased in senescence
ACOT13,Q9NPJ3,0.359569332057745,0.0023349875822956,Increased in senescence
ACOT8,O14734,0.409747376709671,0.00278017230940647,Increased in senescence
ACOT9,Q9Y305,0.415672262300085,0.00126549481625477,Increased in senescence
ACOX3,O15254,0.616139133374759,0.000218031820214845,Increased in senescence
ACSF2,Q96CM8,0.499238666271282,0.000356234384174452,Increased in senescence
ACSF3,Q4G176,0.351964589145531,0.00538289579987502,Increased in senescence
ACSS2,Q9NR19,0.490608237265882,0.000393582001644687,Increased in senescence
ACTR1B,P42025,0.479477690722817,0.00299578608939617,Increased in senescence
ACYP2,P14621,0.529248717860263,0.00291733241416159,Increased in senescence
ADAMTS1,Q9UHI8,0.40456099957353,0.00236243987035656,Increased in senescence
ADCY6,O43306,0.414352463494602,0.00394585873276436,Increased in senescence
ADCY7,P51828,0.606240826343377,0.00409895905874328,Increased in senescence
ADCY9,O60503,0.3289300499865,0.00457177876706707,Increased in senescence
ADO,Q96SZ5,0.33099356106586,0.00590904016504232,Increased in senescence
ADPRM,Q3LIE5,0.659508535634922,0.00206278037392919,Increased in senescence
AFF3,P51826,0.8228740457354,0.00360476843897128,Increased in senescence
AGAP1,Q9UPQ3,0.42975090811359,0.00201084150010774,Increased in senescence
AGK,Q53H12,0.354006025201706,0.000727055973697833,Increased in senescence
AGL,P35573,0.333371855506872,0.00376931983575899,Increased in senescence
AGPAT3,Q9NRZ7,0.38928849442161,0.0012009163741102,Increased in senescence
AGPS,O00116,0.324297346185617,0.00139568604944036,Increased in senescence
AGRN,O00468,0.932446566080554,1.14258879429146e-05,Increased in senescence
AHCYL2,Q96HN2,0.530664302264295,0.00571260907326059,Increased in senescence
AHNAK2,Q8IVF2,0.365442008040837,0.00314008657786623,Increased in senescence
AK2,P54819,0.48413917986899,0.000627830324752584,Increased in senescence
AK3,Q9UIJ7,0.614050046165978,0.000210122252347713,Increased in senescence
AK5,Q9Y6K8,0.451983521126834,0.000992376165635484,Increased in senescence
AKAP10,O43572,0.332553586529478,0.00360476843897128,Increased in senescence
ALDH18A1,P54886,0.338671178052834,0.00179334407005064,Increased in senescence
ALDH1B1,P30837,0.473162357509015,0.000599247699751279,Increased in senescence
ALDH1L2,Q3SY69,0.671212593731003,0.000261511079642027,Increased in senescence
ALDH2,P05091,0.674805962751364,0.000217772288029184,Increased in senescence
ALDH3B1,P43353,0.715134864423987,0.00231513705387644,Increased in senescence
ALDH4A1,P30038,0.372993907766588,0.00175990703312694,Increased in senescence
ALDH6A1,Q02252,0.524118825667365,0.00382560067574694,Increased in senescence
ALG11,Q2TAA5,0.390547505771064,0.00258171912198767,Increased in senescence
ALG3,Q92685,0.36222338369604,0.00535388166980098,Increased in senescence
ALKBH5,Q6P6C2,0.380188397821293,0.00781679711402928,Increased in senescence
ALPK2,Q86TB3,0.714053831528958,0.00892955161307413,Increased in senescence
AMACR,Q9UHK6,0.460559058789194,0.00991564966162408,Increased in senescence
AMPD3,Q01432,0.56763865245183,0.00383739556353161,Increased in senescence
AMPH,P49418,0.778844862071502,0.000811653718150676,Increased in senescence
ANKH,Q9HCJ1,0.468097330537816,0.00617302999350303,Increased in senescence
ANKRD27,Q96NW4,0.351529335280688,0.00522687279019296,Increased in senescence
ANKRD28,O15084,0.332106879707581,0.0037696245309752,Increased in senescence
ANO10,Q9NW15,0.458634307806943,0.000224642545014352,Increased in senescence
ANO8,Q9HCE9,0.479043999956033,0.00332793460906154,Increased in senescence
ANPEP,P15144,0.564770281413523,0.000266881930321696,Increased in senescence
ANXA11,P50995,0.361871371839779,0.000988999643366294,Increased in senescence
ANXA4,P09525,0.441136806653041,0.00133591381313013,Increased in senescence
AP1S1,P61966,0.347763601414254,0.00428304353846555,Increased in senescence
AP2A2,O94973,0.345524471933189,0.00126549481625477,Increased in senescence
AP3M1,Q9Y2T2,0.366319187417385,0.00104649464136145,Increased in senescence
AP5M1,Q9H0R1,0.4543965154228,0.0049708918803247,Increased in senescence
APOL2,Q9BQE5,0.540343858582837,0.000491595631975044,Increased in senescence
APPBP2,Q92624,0.345784563854092,0.0036632624436575,Increased in senescence
APTX,Q7Z2E3,0.362262036657924,0.00783572589420719,Increased in senescence
ARAP1,Q96P48,0.325834374059607,0.00155113933415194,Increased in senescence
ARB2A,Q8WUF8,0.363149163993793,0.00343649456042684,Increased in senescence
ARHGAP10,A1A4S6,0.36570550321456,0.000988999643366294,Increased in senescence
ARHGAP29,Q52LW3,0.532243351390786,0.000224642545014352,Increased in senescence
ARHGEF28,Q8N1W1,0.919124351927913,0.00023817339733239,Increased in senescence
ARID3A,Q99856,0.51926838610165,0.000224642545014352,Increased in senescence
ARL6IP5,O75915,0.340395246178044,0.00232773780397359,Increased in senescence
ARL8A,Q96BM9,0.411938141503576,0.00207161478393091,Increased in senescence
ARMC10,Q8N2F6,0.372299212578032,0.00331659545736294,Increased in senescence
ARMCX1,Q9P291,0.340456311280018,0.00316463689244504,Increased in senescence
ARMCX2,Q7L311,0.336228142349224,0.000880481480758557,Increased in senescence
ARMH3,Q5T2E6,0.355636961433287,0.000889598190691753,Increased in senescence
ARPC3,O15145,0.349923027237026,0.00892955161307413,Increased in senescence
ARRB1,P49407,0.633230477929644,0.000643020763009683,Increased in senescence
ARRDC1,Q8N5I2,0.345578711268619,0.00439472651770834,Increased in senescence
ARSA,P15289,0.788668496480177,5.23353326670812e-05,Increased in senescence
ARSK,Q6UWY0,0.380019834559981,0.0020713407772555,Increased in senescence
ASAH1,Q13510,0.508785309951698,0.00112600588795887,Increased in senescence
ASAP2,O43150,0.367596818607765,0.0032738679663715,Increased in senescence
ASS1,P00966,0.549770219334583,0.00858690582227653,Increased in senescence
ATAD1,Q8NBU5,0.34611062874108,0.00184243120363354,Increased in senescence
ATL1,Q8WXF7,0.384918145787505,0.000842777806229428,Increased in senescence
ATM,Q13315,0.324289233734927,0.00544503708515482,Increased in senescence
ATP11B,Q9Y2G3,0.360916295837203,0.00405034534159132,Increased in senescence
ATP12A,P54707,0.941076073411413,0.00358567519573483,Increased in senescence
ATP2B1,P20020,0.409471927893669,0.000729184640271672,Increased in senescence
ATP5F1D,P30049,0.343960119946356,0.00265334548729849,Increased in senescence
ATP5IF1,Q9UII2,1.21060051163898,0.00800854148446412,Increased in senescence
ATP5MK,Q96IX5,0.672462966380465,0.00313301126578222,Increased in senescence
ATP6V0C,P27449,0.512093127094445,0.00498850429434801,Increased in senescence
ATP6V1A,P38606,0.366167165253735,0.00198453681580578,Increased in senescence
ATP6V1F,Q16864,0.396564970153729,0.00299578608939617,Increased in senescence
ATP6V1G1,O75348,0.413454304090919,0.00151675188552035,Increased in senescence
ATP6V1H,Q9UI12,0.412215290940978,0.000563871641153637,Increased in senescence
ATP7A,Q04656,0.355665071236977,0.00158574514525229,Increased in senescence
ATP8,P03928,0.507572460224488,0.00376931983575899,Increased in senescence
ATP8B1,O43520,0.352241853758908,0.00266398712447715,Increased in senescence
ATP9A,O75110,0.389850275316956,0.00146274950576745,Increased in senescence
B3GALT6,Q96L58,0.36075284387946,0.00234869060938804,Increased in senescence
B3GNT9,Q6UX72,0.41260741276837,0.00422716300424227,Increased in senescence
BABAM2,Q9NXR7,0.412221421906906,0.00348483900415484,Increased in senescence
BAG2,O95816,0.417029351256758,0.00240084199867191,Increased in senescence
BAIAP2L1,Q9UHR4,1.17635599630255,1.20462718169347e-05,Increased in senescence
BBS9,Q3SYG4,0.694175831411872,0.000378274683815821,Increased in senescence
BCAM,P50895,0.583856727384262,7.75725641294124e-05,Increased in senescence
BCAP31,P51572,0.325892757196723,0.00472465945037492,Increased in senescence
BCAT2,O15382,0.556594230339449,0.000235420825519359,Increased in senescence
BCL2L13,Q9BXK5,0.512356033933777,0.000524100341370473,Increased in senescence
BFAR,Q9NZS9,0.649531904953143,0.0049708918803247,Increased in senescence
BICC1,Q9H694,0.437045708590468,0.00190046604395477,Increased in senescence
BLOC1S4,Q9NUP1,0.450476326030085,0.00702755904723759,Increased in senescence
BLVRA,P53004,0.341793742059142,0.000856636099877578,Increased in senescence
BMAL1,O00327,0.749893034003518,0.00272977963165063,Increased in senescence
BMP2K,Q9NSY1,0.436576584691753,0.00222632120159101,Increased in senescence
BNIP3,Q12983,0.804910304005723,0.000210122252347713,Increased in senescence
BNIP3L,O60238,0.589585360947634,0.0016048891577378,Increased in senescence
BORCS6,Q96GS4,0.378098788817105,0.00861721287480064,Increased in senescence
BRF1,Q92994,0.404723089717557,0.00407114088835416,Increased in senescence
BST1,Q10588,0.360413348700437,0.00405649649708911,Increased in senescence
BTBD8,Q5XKL5,0.476654428035067,0.0063979197840902,Increased in senescence
BTBD9,Q96Q07,0.393269306338247,0.00628063523583671,Increased in senescence
C12orf57,Q99622,0.680012792542891,0.00814686287950165,Increased in senescence
C1GALT1,Q9NS00,0.534858078726373,0.000636775334642403,Increased in senescence
C1GALT1C1,Q96EU7,0.516845290665,0.000313865456399877,Increased in senescence
C1S,P09871,0.355775658191538,0.000950005667088516,Increased in senescence
C2CD2,Q9Y426,0.420245393344235,0.000497996344189525,Increased in senescence
C6orf132,Q5T0Z8,0.504069947339897,0.0049384667482523,Increased in senescence
C6orf136,Q5SQH8,0.889073430444626,0.00773380747454083,Increased in senescence
CADM1,Q9BY67,1.02415512139511,9.53165122402172e-05,Increased in senescence
CALB2,P22676,1.11678846168379,0.000247479808669272,Increased in senescence
CALD1,Q05682,0.388938346830351,0.00123851227106195,Increased in senescence
CAMK1,Q14012,0.343485075787132,0.00427333043698047,Increased in senescence
CAMK2G,Q13555,0.403087803473202,0.00151786650449243,Increased in senescence
CARD10,Q9BWT7,0.386531125188874,0.00788148590788229,Increased in senescence
CARD6,Q9BX69,0.404657419626389,0.00433157173569871,Increased in senescence
CARS1,P49589,0.432660440646266,0.00126249620577796,Increased in senescence
CARS2,Q9HA77,0.338370112972974,0.0041310243672564,Increased in senescence
CASP4,P49662,0.340289259762116,0.00377068813691489,Increased in senescence
CASS4,Q9NQ75,0.902111889846992,0.000467831693213958,Increased in senescence
CAV1,Q03135,0.334328047735731,0.00342640024173494,Increased in senescence
CAVIN1,Q6NZI2,0.324440118603366,0.00139620686580191,Increased in senescence
CAVIN3,Q969G5,0.39679861089013,0.00194371894266298,Increased in senescence
CBS,P35520,0.705275503316827,9.84749880365161e-05,Increased in senescence
CCBE1,Q6UXH8,0.788028295007908,0.000736626462610998,Increased in senescence
CCDC51,Q96ER9,0.329928454620852,0.00201691722844653,Increased in senescence
CCDC90B,Q9GZT6,0.458550581071677,0.00023647167854188,Increased in senescence
CCDC9B,Q6ZUT6,0.441011373312776,0.000742523824799434,Increased in senescence
CCND1,P24385,0.544533934908294,0.00104649464136145,Increased in senescence
CCND3,P30281,0.644797471900418,0.000477438488645056,Increased in senescence
CCNY,Q8ND76,0.341363888127006,0.000782853453344831,Increased in senescence
CCNYL1,Q8N7R7,0.400513230898618,0.00425922289779182,Increased in senescence
CD109,Q6YHK3,0.625963635739382,0.000378274683815821,Increased in senescence
CD276,Q5ZPR3,0.325312509417593,0.00585932925091476,Increased in senescence
CD2AP,Q9Y5K6,0.451453137573495,0.000273491108701864,Increased in senescence
CD46,P15529,0.386783475419779,0.00177264171485933,Increased in senescence
CD82,P27701,1.28486838799811,4.8069932869724e-05,Increased in senescence
CDCP1,Q9H5V8,0.863103987250586,0.00053833960756195,Increased in senescence
CDH13,P55290,1.30145755189969,0.000889598190691753,Increased in senescence
CDK4,P11802,0.41438247305701,0.00196107308794934,Increased in senescence
CDK5RAP3,Q96JB5,0.383598200438513,0.000378274683815821,Increased in senescence
CDKN1A,P38936,0.656285916137708,0.000384525263732907,Increased in senescence
CDS2,O95674,0.391060006979998,0.0012009163741102,Increased in senescence
CELF2,A0A0J9YXJ0,1.53984319447385,5.98645781814605e-06,Increased in senescence
CEMIP2,Q9UHN6,0.339810995037041,0.00664524217047177,Increased in senescence
CEND1,Q8N111,0.627071881260115,0.000315375710523388,Increased in senescence
CEP170B,Q9Y4F5,0.358342557568967,0.00257058575261552,Increased in senescence
CEP250,Q9BV73,0.593907734429004,0.00192012232617134,Increased in senescence
CEPT1,Q9Y6K0,0.378764494579219,0.00308899006075081,Increased in senescence
CERCAM,Q5T4B2,0.592131305269426,9.89090022673529e-05,Increased in senescence
CES2,O00748,0.669701500774522,0.000307534870866779,Increased in senescence
CHCHD6,Q9BRQ6,0.836974663986496,5.68800654407534e-05,Increased in senescence
CHM,P24386,0.387467136989461,0.0071826571942031,Increased in senescence
CHN1,P15882,0.817161807476108,0.00294395239698461,Increased in senescence
CIAO3,Q9H6Q4,0.485337823562368,0.000621155066334571,Increased in senescence
CKB,P12277,0.733736001971064,0.000393582001644687,Increased in senescence
CLCN3,P51790,0.432802231662233,0.00234936209227816,Increased in senescence
CLCN6,P51797,0.372369191797638,0.00171472713197377,Increased in senescence
CLCN7,P51798,0.383338853536671,0.000880481480758557,Increased in senescence
CLPB,Q9H078,0.393996096552577,0.00217152081219745,Increased in senescence
CMAS,Q8NFW8,0.499048770699435,0.000889598190691753,Increased in senescence
CMBL,Q96DG6,0.442102391339699,0.000697263379730224,Increased in senescence
CNNM2,Q9H8M5,0.368337150850056,0.00452009483444382,Increased in senescence
CNPY4,Q8N129,0.357068524971211,0.00369229410288929,Increased in senescence
CNST,Q6PJW8,0.520136433126723,0.000973100740493882,Increased in senescence
COA1,Q9GZY4,0.616079267500215,0.0084078203853438,Increased in senescence
COA7,Q96BR5,0.607458176416376,0.00878090895824201,Increased in senescence
COG6,Q9Y2V7,0.333488104451241,0.00158574514525229,Increased in senescence
COG8,Q96MW5,0.429606338716223,0.00194371894266298,Increased in senescence
COL11A1,P12107,1.72323999931151,5.14661079433636e-05,Increased in senescence
COL12A1,Q99715,0.810500390555276,7.27842418534052e-05,Increased in senescence
COL16A1,Q07092,0.51934342014415,0.00532471960955337,Increased in senescence
COL18A1,P39060,1.35762464622275,5.57080782437712e-06,Increased in senescence
COL1A1,P02452,0.835218212623019,0.000318639539616361,Increased in senescence
COL1A2,P08123,0.855121226270878,9.96380413869021e-05,Increased in senescence
COL3A1,P02461,0.634657294270575,0.00291070594126605,Increased in senescence
COL4A1,P02462,0.571795098273867,0.000235329563174438,Increased in senescence
COL5A1,P20908,0.837004916942451,9.92500516211712e-05,Increased in senescence
COL5A2,P05997,0.716360761939146,0.000266881930321696,Increased in senescence
COL6A1,P12109,0.87348196833906,3.998757654812e-05,Increased in senescence
COL6A2,P12110,0.763850202080466,9.92500516211712e-05,Increased in senescence
COL6A3,P12111,0.699768534944027,0.000140226023610847,Increased in senescence
COL7A1,Q02388,1.04574384078644,1.2403755998998e-05,Increased in senescence
COL8A1,P27658,0.749114322746525,0.000182624311652777,Increased in senescence
COQ8B,Q96D53,0.348297711094617,0.00300500633890303,Increased in senescence
COQ9,O75208,0.388666097348427,0.00622075678895394,Increased in senescence
CORO2A,Q92828,0.573903758035531,0.000612511884675204,Increased in senescence
CORO2B,Q9UQ03,0.50604557749719,0.000621289070639988,Increased in senescence
COX1,P00395,0.48144476275235,0.00630418642076566,Increased in senescence
COX14,Q96I36,0.484696563214282,0.00447194833864337,Increased in senescence
COX2,P00403,0.452529834131347,0.00216008138988245,Increased in senescence
COX20,Q5RI15,0.365052875681947,0.00730069616395191,Increased in senescence
COX3,P00414,0.512976617243396,0.00579331751383586,Increased in senescence
COX4I1,P13073,0.33765611089575,0.00962228612575311,Increased in senescence
COX5A,P20674,0.499562568990715,0.00328964602001511,Increased in senescence
COX6B1,P14854,0.49207860505765,0.00118306679486482,Increased in senescence
COX6C,P09669,0.586754047521346,0.00318108223363101,Increased in senescence
COX7A2,P14406,0.701406840459089,0.000462678310593977,Increased in senescence
COX7B,P24311,0.80238291500001,0.00184243120363354,Increased in senescence
COX7C,P15954,0.667109802060537,0.00582745277787942,Increased in senescence
CPA4,Q9UI42,0.882862229364768,9.88772722146106e-05,Increased in senescence
CPD,O75976,0.367649995706287,0.00236243987035656,Increased in senescence
CPNE7,Q9UBL6,1.09733816269219,2.99422046092158e-05,Increased in senescence
CPOX,P36551,0.467052889930255,0.00150205548393005,Increased in senescence
CPPED1,Q9BRF8,0.561419520864636,0.000619067368463525,Increased in senescence
CPQ,Q9Y646,0.481410238182036,0.00216008138988245,Increased in senescence
CPS1,P31327,0.905598131712047,0.000148656048592947,Increased in senescence
CPT2,P23786,0.493606089426393,0.000378274683815821,Increased in senescence
CRABP2,P29373,0.52247198923466,0.0017030084278284,Increased in senescence
CRACD,Q6ZU35,0.690700238545908,0.000698015653876555,Increased in senescence
CRAT,P43155,0.481359806413778,0.000323366302897205,Increased in senescence
CRYBG1,Q9Y4K1,1.50143267692225,5.98645781814605e-06,Increased in senescence
CRYZL1,O95825,0.366326350567107,0.0049384667482523,Increased in senescence
CST3,P01034,0.720859776481461,0.000269867994735895,Increased in senescence
CTF1,Q16619,0.648202125554159,0.00103368374107024,Increased in senescence
CTSA,P10619,0.470982531455665,0.000584394917175664,Increased in senescence
CTSB,P07858,0.444503656227855,0.000455641602823227,Increased in senescence
CTSC,P53634,0.41469790641613,0.00353185952230349,Increased in senescence
CTSL,P07711,0.323128873256689,0.00336562434383915,Increased in senescence
CTSZ,Q9UBR2,0.457321138260237,0.000545785529346036,Increased in senescence
CYB5R3,P00387,0.334890543469221,0.0075342554159191,Increased in senescence
CYB5R4,Q7L1T6,0.48309940749175,0.00216008138988245,Increased in senescence
CYFIP2,Q96F07,1.11158416124942,0.000157219982621762,Increased in senescence
CYP27A1,Q02318,0.915445286641905,6.30024987930267e-05,Increased in senescence
CYP2U1,Q7Z449,0.739108139049279,0.000190591634668619,Increased in senescence
CYP51A1,A0A8I5KRT9,0.641363492045247,0.00406014746753183,Increased in senescence
D2HGDH,Q8N465,0.482373762038609,0.000909304509990665,Increased in senescence
DAB2,P98082,0.399737752025931,0.0040640749139044,Increased in senescence
DAGLB,Q8NCG7,0.362187971868188,0.0012009163741102,Increased in senescence
DAXX,Q9UER7,0.41513194480267,0.00814686287950165,Increased in senescence
DBI,P07108,0.581322300441002,0.007986743998434,Increased in senescence
DBT,P11182,0.570939407386234,0.000599247699751279,Increased in senescence
DCBLD2,Q96PD2,0.560753964429637,0.000247479808669272,Increased in senescence
DCN,P07585,0.93659047895877,7.70671598722301e-05,Increased in senescence
DCUN1D3,Q8IWE4,0.477185144063398,0.000276402161151745,Increased in senescence
DDB2,Q92466,0.38915527234181,0.00383739556353161,Increased in senescence
DDR2,Q16832,0.396911761031824,0.000406234066497459,Increased in senescence
DDRGK1,Q96HY6,0.478419330445512,0.00287377693725979,Increased in senescence
DECR1,Q16698,0.399374493832774,0.00331659545736294,Increased in senescence
DECR2,Q9NUI1,0.349732884511411,0.00810785661318524,Increased in senescence
DFFB,O76075,0.370276149316908,0.00990045942786508,Increased in senescence
DGAT1,O75907,0.346930326203786,0.0056790516655831,Increased in senescence
DGKA,P23743,0.528897548086373,0.000406234066497459,Increased in senescence
DGKE,P52429,0.493414669356326,0.00308899006075081,Increased in senescence
DGKQ,P52824,0.732474218661224,0.000139259733410687,Increased in senescence
DGLUCY,Q7Z3D6,0.561438334171687,0.000157219982621762,Increased in senescence
DGUOK,Q16854,0.487782469486163,0.00796778314837816,Increased in senescence
DHRS1,Q96LJ7,0.393989108498843,0.00466071514124219,Increased in senescence
DHRSX,Q8N5I4,0.467022828885607,0.0032918472819481,Increased in senescence
DHX29,Q7Z478,0.359088402261833,0.00217693632809736,Increased in senescence
DIABLO,Q9NR28,0.383455892445454,0.00233111100416714,Increased in senescence
DIPK1A,Q5T7M9,1.03082186515687,0.000913762879111871,Increased in senescence
DKK3,Q9UBP4,0.579128982808481,0.000293588575404979,Increased in senescence
DLD,P09622,0.429822414475058,0.00260256822500115,Increased in senescence
DMXL2,H0YLM8,0.41028643068644,0.00779335036704812,Increased in senescence
DNAJC10,Q8IXB1,0.425619331418819,0.000405216442557278,Increased in senescence
DNAJC25,Q9H1X3,0.351593725942923,0.00529821958235664,Increased in senescence
DNAJC5,Q9H3Z4,0.35736096653396,0.00149910360537593,Increased in senescence
DNASE1L1,P49184,0.344744206849569,0.00881732071627068,Increased in senescence
DOCK4,Q8N1I0,0.565663640123574,0.000136352889122223,Increased in senescence
DOCK6,K7ESB7,0.851309720833129,7.473431354462e-05,Increased in senescence
DOCK9,Q9BZ29,1.30899077556085,5.39258621746483e-05,Increased in senescence
DOLK,Q9UPQ8,0.565810377869632,0.00307518302901899,Increased in senescence
DOP1A,Q5JWR5,0.509711637229003,0.00191200977427792,Increased in senescence
DPAGT1,Q9H3H5,0.515825696293426,0.00160663408674821,Increased in senescence
DPH1,Q9BZG8,0.557688789482761,0.000360285229640936,Increased in senescence
DPP4,P27487,0.501765586587492,0.000618173874233682,Increased in senescence
DPP7,Q9UHL4,0.694720892629562,4.40910666565218e-05,Increased in senescence
DPP9,Q86TI2,0.489462420079793,0.000729818899901315,Increased in senescence
DPYD,Q12882,0.654359499530049,0.00837559151300434,Increased in senescence
DPYSL3,Q14195,0.729724559177257,4.35654698938148e-05,Increased in senescence
DPYSL4,O14531,0.464307324722064,0.00278017230940647,Increased in senescence
DR1,Q01658,0.375323040236644,0.00809082792826745,Increased in senescence
DSEL,Q8IZU8,0.37370370958584,0.00451913357866002,Increased in senescence
DUSP3,P51452,0.323796784238631,0.00496556068840397,Increased in senescence
DYNC2H1,Q8NCM8,0.469715460899927,0.000727055973697833,Increased in senescence
DYNLT1,P63172,0.874209264436388,0.00156298559453207,Increased in senescence
ECH1,Q13011,0.463351924742334,0.00119171472566431,Increased in senescence
ECI1,P42126,0.390478116671794,0.0011966460086123,Increased in senescence
ECI2,O75521,0.370623153962544,0.00193297286819828,Increased in senescence
EDIL3,O43854,0.843494906175042,6.92350316218867e-05,Increased in senescence
EEA1,Q15075,0.378363999607796,0.000612511884675204,Increased in senescence
EEF1A2,Q05639,1.1531662689825,2.16819149146977e-05,Increased in senescence
EEF2K,O00418,0.480207105875088,0.00304397013744523,Increased in senescence
EFEMP2,O95967,0.44893920834188,0.000524100341370473,Increased in senescence
EFNB2,P52799,0.663828712985076,0.00216008138988245,Increased in senescence
EI24,O14681,0.338423462016191,0.00286254645895978,Increased in senescence
ELF1,P32519,0.572662470565525,0.00173929586048398,Increased in senescence
ELFN2,Q5R3F8,0.729548767929973,0.000961385693365881,Increased in senescence
ELOVL6,Q9H5J4,0.953372739221717,0.00485858891705997,Increased in senescence
ELP3,Q9H9T3,0.353693449173583,0.00285280104590995,Increased in senescence
EMILIN1,Q9Y6C2,0.823113267265263,0.000477438488645056,Increased in senescence
ENDOG,Q14249,0.410785038598799,0.00749804623363104,Increased in senescence
ENTPD4,Q9Y227,0.358788360461698,0.00778432776232304,Increased in senescence
EPB41L1,Q9H4G0,0.505167923696138,0.000342913137550746,Increased in senescence
EPB41L2,O43491,0.409975125556699,0.000702486799029494,Increased in senescence
EPB41L5,Q9HCM4,0.53233167098967,0.0019818892366362,Increased in senescence
EPG5,Q9HCE0,0.382254815486498,0.00808898060815453,Increased in senescence
EPHX4,Q8IUS5,1.12864284813988,0.000327947754282177,Increased in senescence
EPS8L2,Q9H6S3,0.507738408850649,0.00060640583369861,Increased in senescence
ERAP1,Q9NZ08,0.507704895818684,0.000229991308978177,Increased in senescence
ERAP2,Q6P179,1.09317315473042,5.98645781814605e-06,Increased in senescence
ERICH1,Q86X53,0.37436766714114,0.00950181290549959,Increased in senescence
ERMP1,Q7Z2K6,0.549877425638915,0.000309093216887803,Increased in senescence
ERP44,Q9BS26,0.356922146295432,0.00079119480022231,Increased in senescence
ESYT2,A0FGR8,0.339027824522216,0.000718135992068171,Increased in senescence
ETFA,P13804,0.415832342120087,0.00233111100416714,Increased in senescence
ETFDH,Q16134,0.434022419001465,0.00278637894220297,Increased in senescence
EVI5,A0A804HIC4,0.41836317587515,0.00814073241253056,Increased in senescence
EVI5L,Q96CN4,0.422394593468656,0.00644835449887717,Increased in senescence
F10,P00742,0.69643211633619,0.000355213503102547,Increased in senescence
F3,P13726,1.43148450128126,1.19145902081453e-05,Increased in senescence
F5,P12259,0.639381080241733,0.00308899006075081,Increased in senescence
FADS2,O95864,0.524685560262334,0.00201198487635643,Increased in senescence
FADS3,Q9Y5Q0,0.587447571957849,6.06882023452997e-05,Increased in senescence
FAF2,Q96CS3,0.362195324176753,0.00161112201341803,Increased in senescence
FAH,P16930,0.452723690702193,0.000571444818425313,Increased in senescence
FAM107B,Q9H098,0.360158290818955,0.00963725177652178,Increased in senescence
FAM114A1,Q8IWE2,0.384070778140671,0.00101961387063867,Increased in senescence
FAM162A,Q96A26,0.56313468316338,0.00180105413689415,Increased in senescence
FAM210A,Q96ND0,0.401948248983299,0.000509619577089931,Increased in senescence
FAM210B,Q96KR6,0.97972541112604,0.00012181931973669,Increased in senescence
FAM219A,Q8IW50,0.538991118576755,0.00251271863876702,Increased in senescence
FAM234B,A2RU67,0.568052789529389,0.000913762879111871,Increased in senescence
FAM3A,P98173,0.37996732964422,0.00757315263205676,Increased in senescence
FAP,Q12884,1.04680282433705,5.98645781814605e-06,Increased in senescence
FARP1,Q9Y4F1,0.388270028204001,0.000689992773092652,Increased in senescence
FARS2,O95363,0.389142243675661,0.00222533353868496,Increased in senescence
FAS,P25445,0.6248431373504,6.30024987930267e-05,Increased in senescence
FASTK,Q14296,0.352127900694043,0.00561838438779983,Increased in senescence
FAT1,Q14517,0.543231527741092,0.000450935434986935,Increased in senescence
FAT4,Q6V0I7,0.60468772884693,0.000183269740612616,Increased in senescence
FBLN1,P23142,0.72202063365409,0.000860220513138797,Increased in senescence
FBN2,P35556,0.659692031958059,6.30024987930267e-05,Increased in senescence
FBXL15,Q9H469,0.578920613498614,0.00924167716072125,Increased in senescence
FBXL17,Q9UF56,0.55853825123652,0.00425922289779182,Increased in senescence
FBXL18,Q96ME1,0.377185888192486,0.00106268338210979,Increased in senescence
FBXL2,Q9UKC9,0.503458640856135,0.00899234042664998,Increased in senescence
FBXL20,Q96IG2,0.526930252390141,0.00297842614069769,Increased in senescence
FBXL8,Q96CD0,0.962038266370325,0.000238889139279694,Increased in senescence
FBXO10,Q9UK96,0.361378873641019,0.00269983586204411,Increased in senescence
FBXO38,Q6PIJ6,0.355449119909295,0.00130353874756822,Increased in senescence
FBXO4,Q9UKT5,0.455734928759952,0.00404271946390815,Increased in senescence
FBXO9,Q9UK97,0.58821378970741,0.000609134823979235,Increased in senescence
FDX1,P10109,0.566890350628622,0.00208289108947473,Increased in senescence
FDXR,P22570,0.810848155641729,7.54068843266011e-05,Increased in senescence
FECH,P22830,0.460674216874189,0.000622160838274171,Increased in senescence
FEZ2,Q9UHY8,0.442537963396344,0.00218456737671698,Increased in senescence
FGD4,Q96M96,0.875606353846486,0.000119236439461064,Increased in senescence
FHL1,Q13642,0.47996809795027,0.00282072278885826,Increased in senescence
FIG4,Q92562,0.491065557046426,0.00222632120159101,Increased in senescence
FIS1,Q9Y3D6,0.356994378785192,0.00379915308037577,Increased in senescence
FKBP10,Q96AY3,0.371197475373503,0.000925487771470719,Increased in senescence
FKBP14,Q9NWM8,0.330785515990893,0.00403561103105872,Increased in senescence
FKBP7,Q9Y680,0.345451400967804,0.00587217884276323,Increased in senescence
FKBP9,O95302,0.469869822585892,0.000375194087483198,Increased in senescence
FLOT1,O75955,0.33002554595156,0.00183100419212649,Increased in senescence
FLOT2,Q14254,0.50481002512447,0.000309093216887803,Increased in senescence
FLVCR2,Q9UPI3,1.40376968719756,7.54068843266011e-05,Increased in senescence
FMN2,Q9NZ56,0.380110511217058,0.00354501243164386,Increased in senescence
FN1,P02751,1.10683761654479,0.000629829226672988,Increased in senescence
FRMD6,Q96NE9,0.372134326315198,0.00308899006075081,Increased in senescence
FSD1,Q9BTV5,0.330371857090434,0.00192806868850972,Increased in senescence
FTL,P02792,0.542681652887914,0.000674182478409363,Increased in senescence
FUCA1,P04066,0.69741990191228,0.00664524217047177,Increased in senescence
FUCA2,Q9BTY2,0.401730816107623,0.00242550359959406,Increased in senescence
FUNDC2,Q9BWH2,0.330518119140297,0.00968979217949325,Increased in senescence
FUOM,A2VDF0,0.500663331370301,0.00278575435962171,Increased in senescence
FUT8,Q9BYC5,0.57110450210034,0.000261511079642027,Increased in senescence
FXN,Q16595,0.424849369912852,0.000966262751928166,Increased in senescence
FYCO1,Q9BQS8,0.32707157468036,0.00517788885511546,Increased in senescence
FZD1,Q9UP38,0.459798793584497,0.00249798743225435,Increased in senescence
FZD6,O60353,0.385925654818699,0.000530676331468633,Increased in senescence
G6PC3,Q9BUM1,0.661323309675339,0.0056426123500895,Increased in senescence
GAA,P10253,1.00212547352678,1.20462718169347e-05,Increased in senescence
GALC,P54803,0.456902107018433,0.00216008138988245,Increased in senescence
GALK2,Q01415,0.338518888342971,0.00580876574369788,Increased in senescence
GALM,Q96C23,0.438780652395462,0.000909304509990665,Increased in senescence
GALNT3,Q14435,0.658160966189143,0.000442361188938583,Increased in senescence
GALNT5,Q7Z7M9,1.11080416765792,6.6182593901101e-06,Increased in senescence
GALNT6,Q8NCL4,0.421099043711205,0.00480718661294206,Increased in senescence
GALNT7,Q86SF2,0.430198423563922,0.00102336052801625,Increased in senescence
GAN,Q9H2C0,0.378472261345649,0.00426162990858372,Increased in senescence
GANAB,F5H6X6,0.510329330424536,0.00631639288369329,Increased in senescence
GARS1,P41250,0.401599897035254,0.00187474409192031,Increased in senescence
GAS6,Q14393,1.02510731381454,4.07472138312234e-05,Increased in senescence
GBA1,P04062,0.467067511843517,0.00350392554678645,Increased in senescence
GBP1,P32455,0.421818289683262,0.00104649464136145,Increased in senescence
GCAT,O75600,0.683347853426859,0.000224642545014352,Increased in senescence
GCC2,Q8IWJ2,0.410830101584786,0.00164330454567516,Increased in senescence
GCDH,Q92947,0.541261788701075,0.00103368374107024,Increased in senescence
GDAP1,Q8TB36,0.610934100833557,0.00202928876692176,Increased in senescence
GDAP2,Q9NXN4,0.350411369488565,0.00335917896361938,Increased in senescence
GDPGP1,Q6ZNW5,1.02139672704337,0.000183288759513187,Increased in senescence
GFM2,Q969S9,0.382148762457454,0.00218456737671698,Increased in senescence
GGT7,Q9UJ14,0.623429934262866,0.000214771299980967,Increased in senescence
GIPC1,O14908,0.325372014404664,0.00198453681580578,Increased in senescence
GK,P32189,0.641669184129405,0.00286455811998747,Increased in senescence
GLB1,P16278,0.44184489310955,0.00158574514525229,Increased in senescence
GLT8D2,Q9H1C3,0.371904545479524,0.00249555017625527,Increased in senescence
GMPR,P36959,0.609651574671897,0.000439690664971915,Increased in senescence
GMPR2,Q9P2T1,0.342505259739283,0.00413257979319401,Increased in senescence
GNA14,O95837,0.618224707462595,0.00738663257595421,Increased in senescence
GNG12,Q9UBI6,0.322606860591634,0.00328964602001511,Increased in senescence
GNS,P15586,0.542814455968649,0.000123562064096474,Increased in senescence
GOLGA5,Q8TBA6,0.423656186800745,0.000322893864008857,Increased in senescence
GOLGB1,Q14789,0.414460637193574,0.00125268010846649,Increased in senescence
GORASP1,Q9BQQ3,0.555848554904021,0.0025132048306941,Increased in senescence
GOT2,P00505,0.334586462857185,0.00441620178718428,Increased in senescence
GPAT4,Q86UL3,0.333460397377422,0.00169486204475594,Increased in senescence
GPC6,Q9Y625,0.694117230667999,0.00222533353868496,Increased in senescence
GPD1L,Q8N335,0.605016101105271,0.00234936209227816,Increased in senescence
GPR108,Q9NPR9,0.36326199629454,0.00687041393027049,Increased in senescence
GPR155,Q7Z3F1,1.27516718219626,0.00294395239698461,Increased in senescence
GPX3,P22352,0.621196097356972,0.00707376669000418,Increased in senescence
GRK5,P34947,0.704105807845025,0.000469660400435471,Increased in senescence
GRN,P28799,0.422337872142151,0.00255893461334943,Increased in senescence
GSTK1,Q9Y2Q3,0.554613162888273,0.000434601060521469,Increased in senescence
GSTM2,P28161,0.326579980192932,0.00368368129926177,Increased in senescence
GSTM3,P21266,0.45878245787058,0.000940423883266793,Increased in senescence
GTF2H4,Q92759,0.409262280981586,0.000378274683815821,Increased in senescence
GUSB,P08236,0.35934736729752,0.00764500745594907,Increased in senescence
GYG2,O15488,1.48826730661041,6.30024987930267e-05,Increased in senescence
GYS1,P13807,0.3277626640525,0.00442493406091763,Increased in senescence
H6PD,O95479,0.755205933499305,5.14661079433636e-05,Increased in senescence
HACD1,B0YJ81,0.389735466859264,0.0011207902946265,Increased in senescence
HACL1,Q9UJ83,0.349887851724375,0.00309864117159644,Increased in senescence
HADHA,P40939,0.337155870039435,0.00120885195032347,Increased in senescence
HADHB,P55084,0.339996545002954,0.00120201281872957,Increased in senescence
HDHD3,Q9BSH5,0.584797465205412,0.0017030084278284,Increased in senescence
HEBP1,Q9NRV9,0.354106504872114,0.00442745486340051,Increased in senescence
HEXA,P06865,0.570541452349481,0.000669817592680405,Increased in senescence
HFE,Q30201,0.624124570377361,0.000323366302897205,Increased in senescence
HGSNAT,Q68CP4,0.452291818663785,0.00294395239698461,Increased in senescence
HIBADH,P31937,0.44065655580215,0.000767542285904514,Increased in senescence
HINT3,Q9NQE9,0.41741416714089,0.00376931983575899,Increased in senescence
HIP1,O00291,0.395910128262447,0.00059070539104005,Increased in senescence
HIP1R,O75146,0.336021128881871,0.00532471960955337,Increased in senescence
HIVEP2,P31629,0.361082646506198,0.00197464738195827,Increased in senescence
HLA-B,P01889,1.44727721438797,0.000323366302897205,Increased in senescence
HLA-E,P13747,0.603147614209561,0.00184964923872763,Increased in senescence
HMGA2,F5H2A4,0.636156833606133,0.000119236439461064,Increased in senescence
HMGCL,P35914,0.669250670082878,0.00035430727754371,Increased in senescence
HMGCR,P04035,0.722601669790379,0.000311991255413341,Increased in senescence
HNMT,P50135,0.910413459012409,0.00380380532097487,Increased in senescence
HPCAL1,P37235,0.714584102643975,0.000579740221306455,Increased in senescence
HPS5,Q9UPZ3,0.327120294143199,0.00683848654552983,Increased in senescence
HSD17B4,P51659,0.390760561745335,0.000477438488645056,Increased in senescence
HSDL1,Q3SXM5,0.338551307536434,0.00837559151300434,Increased in senescence
HSDL2,Q6YN16,0.377240703235135,0.00155113933415194,Increased in senescence
HSPA4L,O95757,0.945795826589439,1.59365597180652e-05,Increased in senescence
HSPG2,P98160,1.11274720313259,0.00258171912198767,Increased in senescence
HTATIP2,Q9BUP3,0.364446066676102,0.00120885195032347,Increased in senescence
HTRA2,O43464,0.394862357074697,0.00683793065436307,Increased in senescence
IAH1,Q2TAA2,0.439311033783412,0.00549660099331276,Increased in senescence
IARS2,Q9NSE4,0.352272064770762,0.00102106832748247,Increased in senescence
IBTK,Q9P2D0,0.729332351615,0.0007501899612404,Increased in senescence
IDH1,O75874,0.397083791300986,0.00177264171485933,Increased in senescence
IDUA,P35475,0.880105585121413,9.15018360557834e-05,Increased in senescence
IER3IP1,Q9Y5U9,0.383653514084116,0.00111777263663184,Increased in senescence
IFIT3,O14879,0.587870152786415,0.00112472428281805,Increased in senescence
IFT140,Q96RY7,0.490959178971668,0.00328964602001511,Increased in senescence
IGF2BP3,O00425,0.448720651671152,0.000467831693213958,Increased in senescence
IGFBP4,P22692,0.699798580128125,7.34975437194985e-05,Increased in senescence
IGFBP5,P24593,0.937766722312972,0.000447900014894373,Increased in senescence
IGFBP7,Q16270,0.776122490463816,0.00101961387063867,Increased in senescence
IKBKB,O14920,0.332751849872629,0.00274855445787213,Increased in senescence
INA,Q16352,0.427095199346844,0.000629829226672988,Increased in senescence
INAFM2,P0DMQ5,0.332149349986338,0.00429437391566903,Increased in senescence
INPPL1,O15357,0.334795895621887,0.00308899006075081,Increased in senescence
INSR,P06213,0.340309197629942,0.00919677931097573,Increased in senescence
INTS8,Q75QN2,0.322543773168885,0.00582745277787942,Increased in senescence
IPO13,O94829,0.557924645531443,0.000190591634668619,Increased in senescence
IQCB1,Q15051,0.481210524763439,0.00327190028997322,Increased in senescence
IQSEC1,Q6DN90,0.360176898307834,0.00258171912198767,Increased in senescence
IQSEC2,Q5JU85,0.664973781116164,0.0019244745794175,Increased in senescence
IRS2,Q9Y4H2,0.594028697833245,0.00082132250293284,Increased in senescence
ISCU,Q9H1K1,0.426310738958332,0.00415023485534349,Increased in senescence
ISOC2,Q96AB3,0.719826351455787,0.000860220513138797,Increased in senescence
ITFG1,Q8TB96,0.361394547806512,0.00497775297961259,Increased in senescence
ITGA3,P26006,0.493832119459547,0.000123562064096474,Increased in senescence
ITGA4,P13612,0.74491915225336,1.19145902081453e-05,Increased in senescence
ITGA7,Q13683,0.733718460290724,0.000182624311652777,Increased in senescence
ITGAV,P06756,0.433958954848027,0.000463891866847101,Increased in senescence
ITGB3,P05106,0.406879762861841,0.0032738679663715,Increased in senescence
ITPR3,Q14573,1.36202001112881,6.49409074435825e-06,Increased in senescence
ITPRID2,P28290,0.680241353496911,4.40910666565218e-05,Increased in senescence
ITSN1,Q15811,0.379364363184141,0.000842777806229428,Increased in senescence
IVD,P26440,0.549444994309798,0.000563871641153637,Increased in senescence
JCAD,Q9P266,0.401309748576683,0.00248615619068255,Increased in senescence
KBTBD6,Q86V97,0.472474806217242,0.000636775334642403,Increased in senescence
KCNMA1,Q12791,0.501126775700961,0.00236807854961408,Increased in senescence
KCNN2,A0A3F2YNY5,0.955675105175558,0.0022644039528531,Increased in senescence
KDELR1,P24390,0.367072432451273,0.00656855086398452,Increased in senescence
KDM4B,O94953,0.429931762615425,0.0011138252463434,Increased in senescence
KDM6A,O15550,0.489232862729994,0.00116364547995755,Increased in senescence
KDM8,Q8N371,0.640863837369007,0.000621289070639988,Increased in senescence
KIAA0319L,Q8IZA0,0.612472875403292,0.000111744768712558,Increased in senescence
KIAA1217,Q5T5P2,0.577897312691363,0.00100621890246002,Increased in senescence
KIAA1549,Q9HCM3,0.666054108123715,0.00139632511692361,Increased in senescence
KLC4,Q9NSK0,0.368955428714088,0.00378566200995499,Increased in senescence
KLHL26,Q53HC5,0.444354130635901,0.0084078203853438,Increased in senescence
KYAT3,Q6YP21,0.330114827770046,0.00376684993926396,Increased in senescence
LACTB,P83111,0.614861052505908,8.84887008521597e-05,Increased in senescence
LAMA1,P25391,0.43255191469164,0.00976424655412713,Increased in senescence
LAMA4,Q16363,1.29045206650004,0.000136352889122223,Increased in senescence
LAMP1,P11279,0.38288390955432,0.00428701386225357,Increased in senescence
LANCL2,Q9NS86,0.435722948615318,0.00173331034770992,Increased in senescence
LDAF1,Q96B96,0.606575480740155,0.000223964663164393,Increased in senescence
LDAH,Q9H6V9,0.410918536787719,0.00287052902019179,Increased in senescence
LDLR,P01130,0.474269672435486,0.000537920068491544,Increased in senescence
LETM1,O95202,0.367143169909038,0.000909304509990665,Increased in senescence
LETMD1,Q6P1Q0,0.479280163681647,0.00604525241098933,Increased in senescence
LGALS3,P17931,0.397172936360121,0.00133375685344236,Increased in senescence
LIG4,P49917,0.330500113260719,0.00892955161307413,Increased in senescence
LIPA,P38571,0.566128311385157,0.000378274683815821,Increased in senescence
LLGL1,Q15334,0.358623407291546,0.00369711597906885,Increased in senescence
LMBRD1,Q9NUN5,0.680424278362899,0.000516832598417976,Increased in senescence
LMBRD2,Q68DH5,0.36572843677996,0.000839252552838854,Increased in senescence
LMF1,Q96S06,0.593249050694585,0.00664524217047177,Increased in senescence
LMOD1,P29536,0.852593777426488,0.000190675267745276,Increased in senescence
LOC102724560,P35520,0.705275503316827,9.84749880365161e-05,Increased in senescence
LOXL2,Q9Y4K0,0.343752419039657,0.00400347560531182,Increased in senescence
LPAR1,Q92633,0.491188085491263,0.00347523672709102,Increased in senescence
LPCAT3,Q6P1A2,0.494068187013923,0.00149910360537593,Increased in senescence
LPGAT1,Q92604,0.533502311888057,0.00232773780397359,Increased in senescence
LPIN1,Q14693,0.433927174270647,0.0074762661196507,Increased in senescence
LPIN3,Q9BQK8,1.56327565755604,4.07472138312234e-05,Increased in senescence
LPXN,O60711,0.945382154999219,6.30024987930267e-05,Increased in senescence
LRCH2,Q5VUJ6,0.357355177323917,0.0017317079556997,Increased in senescence
LRIF1,Q5T3J3,0.34898969878725,0.00762347137820615,Increased in senescence
LRIG1,Q96JA1,0.604674376509099,0.000516832598417976,Increased in senescence
LRRC8E,Q6NSJ5,0.452734947870219,0.000952630880278285,Increased in senescence
LSAMP,Q13449,0.578079638375247,0.000434601060521469,Increased in senescence
LSS,P48449,0.353714381553917,0.00120549124003546,Increased in senescence
LTBP1,Q14766,0.7890133139508,0.000360285229640936,Increased in senescence
LTBP2,Q14767,0.538810480078652,0.00184964923872763,Increased in senescence
LUM,P51884,0.956370567834565,0.000642836945866025,Increased in senescence
LYRM2,Q9NU23,0.485809234221819,0.000856636099877578,Increased in senescence
LYRM4,Q9HD34,0.472103242086995,0.00468038936480682,Increased in senescence
LYST,Q99698,0.685951738534666,0.00593785580925502,Increased in senescence
LZTFL1,Q9NQ48,0.428651601075401,0.00179480188025523,Increased in senescence
LZTS1,Q9Y250,0.481968322806026,0.00438359179893508,Increased in senescence
MAK16,Q9BXY0,0.454948366581228,0.000207766188753516,Increased in senescence
MAMDC2,Q7Z304,0.623258071981697,0.00409895905874328,Increased in senescence
MAN1A2,O60476,0.33967157607265,0.00339532203570615,Increased in senescence
MAN2A1,Q16706,0.384694853685225,0.000863996037962631,Increased in senescence
MAN2B1,O00754,0.518236876336349,6.30024987930267e-05,Increased in senescence
MAN2B2,Q9Y2E5,0.465825355889258,0.00160663408674821,Increased in senescence
MANBA,O00462,0.480323281546923,0.00119171472566431,Increased in senescence
MAP4K2,Q12851,0.441467364762303,0.000679093785079022,Increased in senescence
MAP4K3,Q8IVH8,0.507695616036621,0.000467831693213958,Increased in senescence
MAP4K4,O95819,0.406010154446783,0.00455846322475999,Increased in senescence
MAST4,O15021,0.745448154712433,0.0060644500117615,Increased in senescence
MAVS,Q7Z434,0.405446551045234,0.000720154950760802,Increased in senescence
MCAT,Q8IVS2,0.342988238064606,0.00999689828324896,Increased in senescence
MCCC1,Q96RQ3,0.353694821414496,0.00348841862741783,Increased in senescence
MCFD2,Q8NI22,0.660153801519037,0.00674961505855243,Increased in senescence
ME2,P23368,0.327642381374787,0.000961385693365881,Increased in senescence
MEAF6,Q9HAF1,0.544876992051453,0.00141543792588561,Increased in senescence
MECP2,P51608,0.431214357193266,0.0021968076194454,Increased in senescence
MEST,Q5EB52,0.620098844036097,0.00303276610365075,Increased in senescence
METTL26,Q96S19,0.325605656454272,0.00862456564400985,Increased in senescence
MEX3C,Q5U5Q3,0.427541682720406,0.00472331650213898,Increased in senescence
MFGE8,Q08431,0.915378642498684,0.000163557155701498,Increased in senescence
MFSD5,Q6N075,0.341472281303155,0.00414023432588785,Increased in senescence
MFSD6,Q6ZSS7,0.810353322421982,0.00725726287941527,Increased in senescence
MFSD8,Q8NHS3,0.393545207021468,0.00930958321684332,Increased in senescence
MGAT1,P26572,0.325237625032383,0.00468011690014229,Increased in senescence
MGAT5,Q09328,0.687535448212017,4.40910666565218e-05,Increased in senescence
MGRN1,O60291,0.327030479708032,0.00221067233645039,Increased in senescence
MGST1,P10620,0.472974043745975,0.00171047468020979,Increased in senescence
MGST3,O14880,0.486646827967213,0.003643978105316,Increased in senescence
MIA2,Q96PC5,0.389955289288057,0.00342640024173494,Increased in senescence
MICOS13,Q5XKP0,0.517205695084293,0.00304397013744523,Increased in senescence
MICU1,Q9BPX6,0.416860228991794,0.00100552121364272,Increased in senescence
MICU3,Q86XE3,0.392562957038276,0.00214951405609617,Increased in senescence
MIEF2,Q96C03,0.480393225354721,0.00527893641363035,Increased in senescence
MIGA2,Q7L4E1,0.379662576172073,0.0056790516655831,Increased in senescence
MINDY2,Q8NBR6,0.72169752143536,0.00894445476288975,Increased in senescence
MINPP1,Q9UNW1,0.435761848657808,0.00362848821705796,Increased in senescence
MIPEP,Q99797,0.454072112974622,0.000471518232562569,Increased in senescence
MKNK1,Q9BUB5,0.587691967184654,0.00802949244753339,Increased in senescence
MKRN1,Q9UHC7,1.03401655499585,0.00553713371325102,Increased in senescence
MLYCD,O95822,0.608816225770589,0.00059070539104005,Increased in senescence
MMAA,Q8IVH4,0.462948539577361,0.00043338300805847,Increased in senescence
MME,P08473,1.17132490839291,5.98645781814605e-06,Increased in senescence
MMP2,P08253,0.914364560454811,1.14258879429146e-05,Increased in senescence
MOCOS,Q96EN8,1.16638669538873,0.00416423333910855,Increased in senescence
MOCS3,O95396,0.476214158172592,0.00248453330831558,Increased in senescence
MOGS,Q13724,0.431038215777072,0.000961385693365881,Increased in senescence
MOXD1,Q6UVY6,0.607686236546222,0.000159028841910671,Increased in senescence
MPC1,Q9Y5U8,0.336599320614972,0.0073557257567767,Increased in senescence
MPI,P34949,0.383197657307313,0.00683848654552983,Increased in senescence
MROH1,Q8NDA8,0.444905006134167,0.000283683978196883,Increased in senescence
MRPL38,Q96DV4,0.325089110165269,0.00604525241098933,Increased in senescence
MRPS10,P82664,0.353808631956657,0.00297461825194212,Increased in senescence
MRPS16,Q9Y3D3,0.365733742539085,0.0049384667482523,Increased in senescence
MRPS18B,Q9Y676,0.403932450891627,0.00231653586428899,Increased in senescence
MRPS18C,Q9Y3D5,0.781935608089448,1.20462718169347e-05,Increased in senescence
MRS2,Q9HD23,0.808199606127443,0.00435013655667564,Increased in senescence
MSRB3,Q8IXL7,0.454372454979726,0.00194294985881531,Increased in senescence
MTARC2,Q969Z3,0.422206112438804,0.00155113933415194,Increased in senescence
MTHFD2,P13995,0.374648793075046,0.00182122607049054,Increased in senescence
MTIF2,P46199,0.341672774126941,0.00251271863876702,Increased in senescence
MTM1,Q13496,0.398609194326063,0.00191805303123952,Increased in senescence
MTMR1,Q13613,0.415847376524184,0.000771625106025312,Increased in senescence
MTRES1,Q9P0P8,0.429110236076511,0.00379915308037577,Increased in senescence
MVK,Q03426,0.35708541771443,0.00576005064960451,Increased in senescence
MVP,Q14764,0.611109867731361,0.000146076370712834,Increased in senescence
MYL6B,P14649,0.434067035981915,0.00749546666684172,Increased in senescence
MYL9,P24844,0.598558513588202,0.000291345101618961,Increased in senescence
MYLK,Q15746,0.92718324602172,2.35580900063711e-05,Increased in senescence
MYO18A,Q92614,0.489779048396748,0.000266881930321696,Increased in senescence
MYO5A,Q9Y4I1,0.369232985106862,0.00296303025929495,Increased in senescence
MYO6,A0A0A0MRM8,0.567817887831676,0.000162095342307328,Increased in senescence
NADSYN1,Q6IA69,0.376833376768285,0.00567360325616629,Increased in senescence
NAF1,Q96HR8,0.331612652854929,0.00546597892976809,Increased in senescence
NAGLU,P54802,0.517358930369085,0.00117866183238044,Increased in senescence
NAT1,P18440,0.499033507934897,0.000378274683815821,Increased in senescence
NAT14,Q8WUY8,0.506314057605159,0.000444168491106473,Increased in senescence
NBAS,A2RRP1,0.325543347085056,0.00521631797295217,Increased in senescence
NBEAL1,A0A804HKS6,0.3925074419598,0.00412228362321992,Increased in senescence
NCAM2,O15394,1.51351554824543,8.82047657381183e-05,Increased in senescence
NCKIPSD,Q9NZQ3,0.377170361945737,0.00258171912198767,Increased in senescence
NCOA7,Q8NI08,0.375008046400588,0.00360476843897128,Increased in senescence
ND1,P03886,0.48113090656766,0.00311720307365733,Increased in senescence
ND2,P03891,0.571854370563624,0.000315375710523388,Increased in senescence
ND4,P03905,0.39753652122161,0.00541686444786549,Increased in senescence
ND5,P03915,0.495408825254465,0.000304076012950938,Increased in senescence
NDRG1,Q92597,0.34331203089096,0.00924563879972367,Increased in senescence
NDUFA13,Q9P0J0,0.325210776301862,0.00125640813704008,Increased in senescence
NDUFA4,O00483,0.88516551629596,0.00377068813691489,Increased in senescence
NDUFAF5,Q5TEU4,0.602748954566369,0.00388640612698044,Increased in senescence
NDUFAF6,Q330K2,0.515723345901318,0.00510515284277366,Increased in senescence
NDUFAF7,Q7L592,0.361668214457008,0.00782145068173946,Increased in senescence
NDUFB1,O75438,0.604206666987306,0.0023208390733479,Increased in senescence
NDUFB10,O96000,0.371594976985296,0.00296850703408783,Increased in senescence
NDUFS2,O75306,0.353906767584647,0.00274586895933283,Increased in senescence
NDUFS5,O43920,0.501204331120384,0.000364998642421424,Increased in senescence
NDUFV1,P49821,0.368522188486335,0.00188584799915711,Increased in senescence
NES,P48681,0.69981783046541,0.000156235287833888,Increased in senescence
NEXN,Q0ZGT2,0.329767250949164,0.00126549481625477,Increased in senescence
NFKBIE,O00221,0.655576406131381,0.00481455745901088,Increased in senescence
NFS1,Q9Y697,0.400925838841943,0.00395637084213556,Increased in senescence
NHERF1,O14745,0.592092382882715,0.000983048925091938,Increased in senescence
NHLRC3,Q5JS37,0.772722838802814,0.000636775334642403,Increased in senescence
NID2,Q14112,0.442505261619623,0.00059070539104005,Increased in senescence
NIPSNAP1,Q9BPW8,0.534984799849983,0.000323366302897205,Increased in senescence
NIPSNAP3A,Q9UFN0,0.357248817170344,0.00236772896628591,Increased in senescence
NIT2,Q9NQR4,0.391786360073684,0.00119171472566431,Increased in senescence
NLRP10,Q86W26,0.634933066142118,0.00419788810918323,Increased in senescence
NLRX1,Q86UT6,0.675356527079519,0.00751833519280858,Increased in senescence
NME3,Q13232,0.384482336687618,0.00236243987035656,Increased in senescence
NNMT,P40261,0.404269136023579,0.00474059881681472,Increased in senescence
NNT,Q13423,0.33994084117063,0.00164330454567516,Increased in senescence
NOTCH3,Q9UM47,0.694148055849176,4.40910666565218e-05,Increased in senescence
NPEPL1,Q8NDH3,0.396757298083454,0.00785104829499724,Increased in senescence
NPR2,P20594,0.398396420303023,0.000569395015245527,Increased in senescence
NPTX1,Q15818,0.537232310020791,0.00656541377596071,Increased in senescence
NR3C2,P08235,0.556784623405584,0.00294395239698461,Increased in senescence
NRGN,Q92686,0.605685476481788,0.00996113165645045,Increased in senescence
NRP1,O14786,0.704942522904012,0.00756732140138666,Increased in senescence
NSDHL,Q15738,0.53766624805942,0.000863996037962631,Increased in senescence
NT5E,P21589,0.446990877660411,0.00189878667006275,Increased in senescence
NTM,Q9P121,0.665434963647868,0.00255893461334943,Increased in senescence
NUBPL,Q8TB37,0.368077764078443,0.00430317667219764,Increased in senescence
NUCB2,P80303,0.392111090738943,0.00456353785557802,Increased in senescence
NUDT18,Q6ZVK8,0.72958487429894,0.00622499552848332,Increased in senescence
NUPR1,O60356,1.02005209170698,0.00218456737671698,Increased in senescence
NXN,Q6DKJ4,0.328729312881794,0.00392984936270538,Increased in senescence
OAT,P04181,0.377406648174134,0.00248402754590498,Increased in senescence
OCIAD1,Q9NX40,0.350783488517035,0.00718686958933234,Increased in senescence
OGFRL1,Q5TC84,0.453621109403372,0.00283990079195135,Increased in senescence
OPA1,O60313,0.381708058646609,0.00120549124003546,Increased in senescence
OPHN1,O60890,0.416259478218425,0.00409895905874328,Increased in senescence
OPLAH,O14841,0.803109075058028,0.00424818880674623,Increased in senescence
OSBP,P22059,0.384173645184315,0.000955500914591942,Increased in senescence
OSBPL3,Q9H4L5,0.351776372995737,0.000815353065356096,Increased in senescence
OSCP1,Q8WVF1,0.623985328977708,0.00184461636874647,Increased in senescence
OTULIN,Q96BN8,0.339730494404794,0.00883646432603638,Increased in senescence
OXR1,Q8N573,0.614597565288168,0.000258921823424495,Increased in senescence
OXSM,Q9NWU1,0.450795921991741,0.00837559151300434,Increased in senescence
OXTR,P30559,0.759767356748331,0.00425922289779182,Increased in senescence
P2RX4,Q99571,0.440415419586554,0.00995698819847735,Increased in senescence
P3H1,Q32P28,0.352070001608396,0.000579740221306455,Increased in senescence
P4HA1,P13674,0.626799745648349,0.000235420825519359,Increased in senescence
PACS2,Q86VP3,0.445470690080597,0.00094307510442195,Increased in senescence
PAFAH1B2,P68402,0.358340831860197,0.000913762879111871,Increased in senescence
PAFAH2,Q99487,0.403507714024173,0.0007501899612404,Increased in senescence
PAG1,Q9NWQ8,0.522281313510165,0.000858675146432663,Increased in senescence
PAK1,Q13153,0.591162063274314,0.000447280032273381,Increased in senescence
PALM2AKAP2,Q9Y2D5,0.540817164872418,0.000140226023610847,Increased in senescence
PAMR1,Q6UXH9,0.548530343643421,0.00751833519280858,Increased in senescence
PARD3B,Q8TEW8,0.519943418027502,0.000694513038952902,Increased in senescence
PARD6G,Q9BYG4,0.842916332346526,0.00218456737671698,Increased in senescence
PARL,Q9H300,0.514652028502653,0.00253900126864801,Increased in senescence
PARP4,Q9UKK3,0.561336383627498,0.000323366302897205,Increased in senescence
PARP9,Q8IXQ6,0.653382373780328,0.000251407323807809,Increased in senescence
PARS2,Q7L3T8,0.570260037590934,0.000119236439461064,Increased in senescence
PCBD1,P61457,0.590780074978536,0.000322893864008857,Increased in senescence
PCCA,P05165,0.445530057448515,0.000695924215399716,Increased in senescence
PCDH7,A0A087X2C4,0.63500533446091,0.000847021810243418,Increased in senescence
PCK2,Q16822,0.47980704642017,0.000344217007825844,Increased in senescence
PCMTD1,Q96MG8,0.769963986047415,0.00256387345469125,Increased in senescence
PCOLCE,Q15113,0.8521047476207,5.22267929510435e-05,Increased in senescence
PCYT2,Q99447,0.338580276900075,0.00101668075628835,Increased in senescence
PDCD4,Q53EL6,0.964384207825521,4.95577139190113e-05,Increased in senescence
PDGFC,Q9NRA1,0.586531600103022,0.000170800240105455,Increased in senescence
PDK1,Q15118,0.821853501542048,3.998757654812e-05,Increased in senescence
PDP1,Q9P0J1,0.427935035035603,0.00488076241050946,Increased in senescence
PEX11B,O96011,0.49040137968937,0.00211636526382775,Increased in senescence
PEX16,Q9Y5Y5,0.32635857784657,0.00509368403223926,Increased in senescence
PFKFB4,Q16877,0.73870012582951,0.00561838438779983,Increased in senescence
PGM5,Q15124,0.770470706637951,3.25665489247082e-05,Increased in senescence
PGPEP1,Q9NXJ5,0.6013929048652,0.00384328920734688,Increased in senescence
PGRMC2,O15173,0.463367250499761,0.000628117518234272,Increased in senescence
PHC1,P78364,1.01604448108553,0.00330861175959184,Increased in senescence
PHKG2,P15735,0.364522890241034,0.00681035297345038,Increased in senescence
PI4K2A,Q9BTU6,0.420478067022273,0.00269983586204411,Increased in senescence
PICK1,Q9NRD5,0.597408603318403,0.00136388318195274,Increased in senescence
PIGO,Q8TEQ8,0.33245447792379,0.00386882588102528,Increased in senescence
PIK3CB,P42338,0.629096902946415,0.00488939566145992,Increased in senescence
PIK3CD,O00329,0.623745721790247,0.00216008138988245,Increased in senescence
PIK3R2,O00459,0.441135807096913,0.00109179173717107,Increased in senescence
PIP4K2C,Q8TBX8,0.640383961318602,9.96380413869021e-05,Increased in senescence
PITPNC1,Q9UKF7,0.596884998564832,0.00191200977427792,Increased in senescence
PLA2G15,Q8NCC3,0.344085650378386,0.00594752435957385,Increased in senescence
PLAT,P00750,0.604863830932555,0.000471518232562569,Increased in senescence
PLBD2,Q8NHP8,0.621379732490851,7.02166193033897e-05,Increased in senescence
PLCB4,A0A7P0MRI8,0.482524002083608,0.00357468270200816,Increased in senescence
PLCD3,Q8N3E9,0.555838121108202,0.00065267910544981,Increased in senescence
PLD2,O14939,0.365836645740981,0.00401988577772588,Increased in senescence
PLEKHA5,Q9HAU0,0.414456174704071,0.000309093216887803,Increased in senescence
PLEKHF2,Q9H8W4,0.398249370592662,0.00452009483444382,Increased in senescence
PLEKHM2,Q8IWE5,0.430631743164238,0.0032918472819481,Increased in senescence
PLEKHO2,Q8TD55,0.419030742596146,0.000323115798270526,Increased in senescence
PLOD1,Q02809,0.400606510119616,0.000509619577089931,Increased in senescence
PLOD2,O00469,0.360242687483705,0.00274627851280666,Increased in senescence
PLPP6,Q8IY26,0.417631243525761,0.00151280024442313,Increased in senescence
PLXNA1,Q9UIW2,0.393553616683405,0.00038160595850234,Increased in senescence
PMPCB,O75439,0.330188320508402,0.000927552121904307,Increased in senescence
PNPLA6,Q8IY17,0.36204349204467,0.00232016415016136,Increased in senescence
POFUT2,Q9Y2G5,0.405651737042817,0.00308899006075081,Increased in senescence
POGLUT1,Q8NBL1,0.403728342621271,0.00204246773250259,Increased in senescence
POLE3,Q9NRF9,0.599620184217763,0.00686331468659218,Increased in senescence
POLI,Q9UNA4,0.39034786025384,0.0084078203853438,Increased in senescence
POLR2L,P62875,0.380282816775807,0.00458754526938411,Increased in senescence
POMGNT1,Q8WZA1,0.360372783392933,0.00151163569403846,Increased in senescence
POMT2,Q9UKY4,0.487165510807479,0.00177264171485933,Increased in senescence
PON2,A0A0J9YXF2,0.606033914275443,5.14661079433636e-05,Increased in senescence
POR,P16435,0.407095168944991,0.000477438488645056,Increased in senescence
POSTN,Q15063,0.478320118288678,0.00764500745594907,Increased in senescence
PPA2,Q9H2U2,0.459948926447808,0.00139568604944036,Increased in senescence
PPAT,Q06203,0.388350376760407,0.00784540087979892,Increased in senescence
PPIC,P45877,0.398844280477459,0.00221600713659158,Increased in senescence
PPOX,P50336,0.378274626090299,0.0033308898390496,Increased in senescence
PPP1R21,Q6ZMI0,0.359262514701598,0.00347803616514482,Increased in senescence
PPP1R35,Q8TAP8,0.436279460716611,0.00704487753685073,Increased in senescence
PRAG1,Q86YV5,0.448162474181316,0.00165092185845719,Increased in senescence
PRCP,P42785,0.331804284159027,0.0018178442459296,Increased in senescence
PRDM8,Q9NQV8,0.472597487804311,0.000530676331468633,Increased in senescence
PRDX6,P30041,0.350777148285506,0.0035967075578454,Increased in senescence
PRKACB,P22694,0.376580396629144,0.00430488285282458,Increased in senescence
PRKAR1A,P10644,0.332111614507973,0.00146274950576745,Increased in senescence
PRKAR1B,P31321,0.434921383124159,0.00413257979319401,Increased in senescence
PRKCD,Q05655,0.332377945062554,0.00198111039437738,Increased in senescence
PRKCI,P41743,0.350415959675395,0.00126480791286984,Increased in senescence
PRKG1,Q13976,0.347948294879153,0.00234936209227816,Increased in senescence
PRMT9,Q6P2P2,0.355470626472773,0.00877645923656942,Increased in senescence
PRR14,Q9BWN1,0.521356493290011,0.00160290722933214,Increased in senescence
PSAT1,Q9Y617,0.338390705912296,0.00757749191209346,Increased in senescence
PSD3,Q9NYI0,0.761395138407437,5.16864315419472e-05,Increased in senescence
PSEN2,P49810,0.65147212893573,0.00953816355164877,Increased in senescence
PSMB10,P40306,0.611278090861063,6.41900497218441e-05,Increased in senescence
PSMB2,P49721,0.327609767573804,0.00502711583313754,Increased in senescence
PSMB8,P28062,0.522378530981108,0.000242104313787234,Increased in senescence
PSMB9,P28065,0.482312464960611,0.000323366302897205,Increased in senescence
PSPH,P78330,0.4413168657514,0.00214933591104699,Increased in senescence
PSTPIP2,Q9H939,0.424628949289719,0.00146274950576745,Increased in senescence
PTBP1,A0A0U1RRM4,0.443018782297827,0.00191092676121136,Increased in senescence
PTBP2,Q9UKA9,0.568068848527744,0.000467831693213958,Increased in senescence
PTDSS2,Q9BVG9,0.349602108486138,0.00472465945037492,Increased in senescence
PTGS1,P23219,2.35219593838122,3.01907532802263e-07,Increased in senescence
PTK7,Q13308,0.375459092665594,0.00117899058615056,Increased in senescence
PTPN13,Q12923,0.509001294146216,0.0012009163741102,Increased in senescence
PTPRG,P23470,0.634444534690623,0.000516832598417976,Increased in senescence
PTPRM,P28827,0.597345177137207,0.000782853453344831,Increased in senescence
PTRH2,Q9Y3E5,0.394034535105575,0.00809489251958976,Increased in senescence
PTX3,P26022,0.623523816096863,0.000358865178884749,Increased in senescence
PURA,Q00577,0.353888606204553,0.00762027336673528,Increased in senescence
PXMP2,Q9NR77,0.637111382232352,0.00425332689474297,Increased in senescence
PYCR1,P32322,0.326728307753779,0.00970687238986616,Increased in senescence
PYROXD2,Q8N2H3,0.783875638684524,0.000640805307660684,Increased in senescence
PZP,P20742,0.398484497220256,0.00319279836057098,Increased in senescence
QPRT,Q15274,1.75549947674699,5.62810997283461e-06,Increased in senescence
R3HCC1,Q9Y3T6,0.561408626021727,0.00531409716147461,Increased in senescence
RAB11FIP1,Q6WKZ4,0.524480903940347,0.000473812216637216,Increased in senescence
RAB11FIP5,A0A1B0GTL5,0.350108068010272,0.00361202312351603,Increased in senescence
RAB11FIP5,Q9BXF6,0.984058632020528,0.00184964923872763,Increased in senescence
RAB30,Q15771,0.591731186877155,0.00082132250293284,Increased in senescence
RAB3IL1,E9PK89,0.713884535988218,0.00104360835938395,Increased in senescence
RALGAPB,Q86X10,0.379455287656882,0.00149543267614609,Increased in senescence
RASA1,P20936,0.44086710092035,0.00296303025929495,Increased in senescence
RBBP9,O75884,0.324254120998567,0.00389995719313947,Increased in senescence
RCN1,Q15293,0.603712715697533,0.000217772288029184,Increased in senescence
RCN3,Q96D15,0.643399641872673,0.000647962119263834,Increased in senescence
RDH11,Q8TC12,0.418094799583457,0.00598136854295668,Increased in senescence
RECK,O95980,0.515087291720196,0.000609134823979235,Increased in senescence
REEP3,Q6NUK4,0.458405259712684,0.0017030084278284,Increased in senescence
RETSAT,Q6NUM9,0.359317337019476,0.00796778314837816,Increased in senescence
RFX5,P48382,0.519119003056353,9.53165122402172e-05,Increased in senescence
RGS20,O76081,0.772636546378862,4.40910666565218e-05,Increased in senescence
RHBDD2,Q6NTF9,0.668063645341569,0.00126069940956392,Increased in senescence
RHOT1,Q8IXI2,0.329829146249548,0.00182122607049054,Increased in senescence
RIDA,P52758,0.557928147379428,0.00621808710748566,Increased in senescence
RILPL1,Q5EBL4,0.367335379018964,0.00480615589732169,Increased in senescence
RIT1,Q92963,0.819391648729084,0.00285378104646944,Increased in senescence
RMC1,Q96DM3,0.417432421421569,0.00233111100416714,Increased in senescence
RMDN1,Q96DB5,0.39054046506439,0.00233111100416714,Increased in senescence
RMDN2,Q96LZ7,0.51940517482759,0.00883077408979849,Increased in senescence
RMND1,Q9NWS8,0.378698926109919,0.00498799461227925,Increased in senescence
RNASET2,O00584,0.684114826570486,0.00120549124003546,Increased in senescence
RNF170,Q96K19,0.442575240892825,0.00496556068840397,Increased in senescence
RNFT1,Q5M7Z0,0.523215897044846,0.00580876574369788,Increased in senescence
ROBO1,Q9Y6N7,0.368431369832276,0.00433157173569871,Increased in senescence
RP2,O75695,0.333712056555886,0.00514937827607924,Increased in senescence
RRAGC,Q9HB90,0.605391688104067,0.000136352889122223,Increased in senescence
RRM2B,Q7LG56,0.637188696007566,0.000322893864008857,Increased in senescence
RRS1,Q15050,0.330495923703324,0.00467935246432424,Increased in senescence
RTN1,Q16799,4.11819352079137,3.93696474536432e-08,Increased in senescence
RTN4IP1,Q8WWV3,0.455392443715869,0.000439780659460543,Increased in senescence
RTRAF,Q9Y224,0.33593774108823,0.00319197246756658,Increased in senescence
RUFY3,Q7L099,0.325539610513367,0.00372644750971964,Increased in senescence
S100A10,P60903,0.794539260909517,0.00377700355134455,Increased in senescence
S100A13,Q99584,0.658800005235872,0.000209222576946404,Increased in senescence
S100A16,Q96FQ6,0.409958134360309,0.00198453681580578,Increased in senescence
S100A6,P06703,0.555073205051311,0.00878090895824201,Increased in senescence
SAMD8,Q96LT4,0.427417819478265,0.00894445476288975,Increased in senescence
SAMD9,Q5K651,0.549415890936263,0.000307534870866779,Increased in senescence
SAMD9L,Q8IVG5,0.499759688120003,0.00409895905874328,Increased in senescence
SARDH,Q9UL12,0.605106682815062,0.000266881930321696,Increased in senescence
SARM1,Q6SZW1,0.345721232629991,0.00248402754590498,Increased in senescence
SAT2,Q96F10,0.575364417243662,0.000525185408207996,Increased in senescence
SCAI,Q8N9R8,0.360873247756764,0.00203468500225993,Increased in senescence
SCAMP1,O15126,0.440399846602467,0.0019471171768427,Increased in senescence
SCAP,Q12770,0.458693410866225,0.000216114336663042,Increased in senescence
SCARB1,Q8WTV0,0.495543883322171,0.000342913137550746,Increased in senescence
SCCPDH,Q8NBX0,0.41908769014541,0.000684092822684261,Increased in senescence
SCD,O00767,0.565451969821339,0.00613368555117285,Increased in senescence
SCFD2,Q8WU76,0.409973926276521,0.000794879424820948,Increased in senescence
SCP2,P22307,0.383144679322871,0.00294395239698461,Increased in senescence
SCRN2,Q96FV2,0.696106965642208,0.00059070539104005,Increased in senescence
SCYL3,Q8IZE3,0.660578462365628,0.00455434702292155,Increased in senescence
SDHB,P21912,0.323860345659369,0.00880465347743718,Increased in senescence
SDHC,Q99643,0.659285582590115,0.000624699587757271,Increased in senescence
SDSL,Q96GA7,0.570295725908561,0.00856906434035727,Increased in senescence
SEC22B,O75396,0.335796010617958,0.00228088067842065,Increased in senescence
SEL1L,Q9UBV2,0.334841029074116,0.00312071462268957,Increased in senescence
SELENBP1,Q13228,0.9148138779451,0.000164063423639565,Increased in senescence
SELENOF,O60613,0.4404939029193,0.00313967768612763,Increased in senescence
SELENOM,Q8WWX9,0.693982523093414,0.00292112923299368,Increased in senescence
SELENON,Q9NZV5,0.370345872413999,0.00537744784977963,Increased in senescence
SEMA3C,Q99985,1.32860307378629,4.94937601270903e-05,Increased in senescence
SERPINB1,P30740,0.684750712660897,6.30024987930267e-05,Increased in senescence
SERPINB7,O75635,0.557777085907535,0.00462595021504205,Increased in senescence
SESN2,P58004,0.404066229689889,0.00273257640190379,Increased in senescence
SFRP1,Q8N474,2.36791295749648,5.98645781814605e-06,Increased in senescence
SFXN1,Q9H9B4,0.345897190951774,0.0028863892129092,Increased in senescence
SFXN2,Q96NB2,0.459367264135617,0.00468011690014229,Increased in senescence
SFXN3,Q9BWM7,0.472361133969649,0.000682130389142792,Increased in senescence
SGIP1,Q9BQI5,0.803737780658977,0.000880481480758557,Increased in senescence
SGSH,P51688,0.756706954662079,4.45475740171135e-05,Increased in senescence
SHFL,Q9NUL5,0.374040106082575,0.00481763243822914,Increased in senescence
SHROOM1,Q2M3G4,0.577386578223287,0.00216008138988245,Increased in senescence
SHROOM3,Q8TF72,0.660960238405444,0.000160256626927095,Increased in senescence
SHTN1,A0MZ66,0.354721515324858,0.00919677931097573,Increased in senescence
SIAE,Q9HAT2,0.617976455487799,0.000880481480758557,Increased in senescence
SIPA1L1,O43166,0.381652894076556,0.00234936209227816,Increased in senescence
SIPA1L3,O60292,0.535288626778943,0.000249418270958923,Increased in senescence
SIRT2,Q8IXJ6,0.394208487199798,0.0063798076221884,Increased in senescence
SIRT5,Q9NXA8,0.397966905556348,0.0071826571942031,Increased in senescence
SLC12A4,Q9UP95,0.380849944987627,0.000515968001466536,Increased in senescence
SLC12A9,Q9BXP2,0.428746374865867,0.00023125703413633,Increased in senescence
SLC15A4,Q8N697,0.463622042069581,0.00199902692937286,Increased in senescence
SLC16A3,O15427,0.368813849472581,0.00126796042937312,Increased in senescence
SLC17A5,Q9NRA2,0.678142546432632,0.000991321128225831,Increased in senescence
SLC20A2,Q08357,0.544837755489915,0.0029758919432389,Increased in senescence
SLC22A18,Q96BI1,0.621773565233788,0.00124019182186715,Increased in senescence
SLC25A1,P53007,0.377309641982777,0.00702575561192534,Increased in senescence
SLC25A12,O75746,0.353415891965042,0.00120549124003546,Increased in senescence
SLC25A20,O43772,0.393018570899699,0.0084078203853438,Increased in senescence
SLC25A21,Q9BQT8,0.394420757669948,0.00376931983575899,Increased in senescence
SLC25A24,Q6NUK1,0.45301406697487,0.00176445402086548,Increased in senescence
SLC25A3,Q00325,0.433544611847715,0.000657272444939649,Increased in senescence
SLC25A35,Q3KQZ1,0.787521881076032,0.00230416634171366,Increased in senescence
SLC25A40,Q8TBP6,0.503993531147671,0.0081500102371231,Increased in senescence
SLC25A51,Q9H1U9,0.864246073788088,0.00630070870310679,Increased in senescence
SLC26A2,P50443,0.331832330560179,0.00310609201481724,Increased in senescence
SLC27A1,Q6PCB7,0.641007135589316,0.000356234384174452,Increased in senescence
SLC2A1,P11166,0.331450446490585,0.00199902692937286,Increased in senescence
SLC2A10,O95528,0.363779711399211,0.00319197246756658,Increased in senescence
SLC2A6,Q9UGQ3,0.572697392463315,0.00141376967302506,Increased in senescence
SLC30A9,Q6PML9,0.540390531091223,0.000520704588314084,Increased in senescence
SLC35B3,Q9H1N7,0.709163687363521,0.000163557155701498,Increased in senescence
SLC35C2,Q9NQQ7,0.550991938236862,0.00995854318785865,Increased in senescence
SLC35D2,Q76EJ3,0.838515159693294,0.000139672386083108,Increased in senescence
SLC35E1,Q96K37,0.341775557623883,0.00376931983575899,Increased in senescence
SLC35F6,Q8N357,0.44636843359384,0.00274586895933283,Increased in senescence
SLC38A10,Q9HBR0,0.385237958061822,0.000442275075480824,Increased in senescence
SLC38A9,Q8NBW4,0.495684479814123,0.00902276104070445,Increased in senescence
SLC44A2,Q8IWA5,0.35320852513653,0.00339914570315398,Increased in senescence
SLC5A3,P53794,0.490467843697576,0.00324628212093707,Increased in senescence
SLCO3A1,Q9UIG8,0.476249942815222,0.0012009163741102,Increased in senescence
SLFN5,Q08AF3,0.49656675517225,0.000695924215399716,Increased in senescence
SLIT2,O94813,0.678891289649343,7.02166193033897e-05,Increased in senescence
SMDT1,Q9H4I9,0.818679556503589,0.00189745221480434,Increased in senescence
SMIM13,P0DJ93,0.458803894123903,0.007986743998434,Increased in senescence
SMPDL3A,Q92484,0.502813308670063,0.00260832945196528,Increased in senescence
SMYD2,Q9NRG4,0.378629963373562,0.00232193161726724,Increased in senescence
SMYD3,Q9H7B4,0.42932769575804,0.00108597354272225,Increased in senescence
SNTB1,Q13884,0.718131455343048,0.000378274683815821,Increased in senescence
SNX33,Q8WV41,0.400230646892425,0.000293588575404979,Increased in senescence
SNX6,Q9UNH7,0.356920062345058,0.00104919590980019,Increased in senescence
SOD2,P04179,0.508885572677436,0.000421175524326431,Increased in senescence
SOD3,P08294,1.06958419475171,0.00555772075059936,Increased in senescence
SPECC1,Q5M775,0.401267990161124,0.000601656802269461,Increased in senescence
SPON2,Q9BUD6,0.711339979532198,0.000695924215399716,Increased in senescence
SPPL2A,Q8TCT8,0.373664935630671,0.00152881038974365,Increased in senescence
SPR,P35270,0.456426171506635,0.00656541377596071,Increased in senescence
SPRYD3,Q8NCJ5,0.479158669041873,0.00527893641363035,Increased in senescence
SQLE,Q14534,0.369717400767566,0.0051511897296004,Increased in senescence
SQOR,Q9Y6N5,0.734060989150738,0.000224642545014352,Increased in senescence
SRPX,P78539,0.454290313546919,0.00729009789593622,Increased in senescence
SSB,P05455,0.358754682586728,0.00126549481625477,Increased in senescence
SSBP1,Q04837,0.379642159555864,0.00998658059754153,Increased in senescence
SSH3,Q8TE77,0.364554328405127,0.00134969920741332,Increased in senescence
SSR1,P43307,0.357723191560034,0.00452209046241616,Increased in senescence
ST3GAL2,Q16842,0.336407730418788,0.00742582195062212,Increased in senescence
STARD5,Q9NSY2,0.813700933370754,0.00184964923872763,Increased in senescence
STAT2,P52630,0.437297044602214,0.0013322984811581,Increased in senescence
STC2,O76061,0.676106132422369,0.00796778314837816,Increased in senescence
STEAP3,Q658P3,0.464859489976302,0.00156343319472194,Increased in senescence
STIM1,H0YDB2,0.526733687291767,0.000261511079642027,Increased in senescence
STRBP,Q96SI9,0.40679194340197,0.000889598190691753,Increased in senescence
STRIP2,Q9ULQ0,0.523096232035272,0.000858675146432663,Increased in senescence
STS,P08842,0.515222052966287,0.00376931983575899,Increased in senescence
STX12,Q86Y82,0.445200251405105,0.000622160838274171,Increased in senescence
STX18,Q9P2W9,0.477655827990027,0.000442930080668595,Increased in senescence
STX3,Q13277,0.557303315937435,0.000584394917175664,Increased in senescence
STXBP1,P61764,0.360139704748548,0.0030090368558365,Increased in senescence
SUCLG2,Q96I99,0.46505086882344,0.000242104313787234,Increased in senescence
SUMF1,Q8NBK3,0.387979617503618,0.00214951405609617,Increased in senescence
SUOX,P51687,0.422009568134186,0.000462678310593977,Increased in senescence
SV2A,Q7L0J3,0.373903171964894,0.000973100740493882,Increased in senescence
SVIL,O95425,0.59505042277004,4.95577139190113e-05,Increased in senescence
SYAP1,Q96A49,0.379181394557222,0.000609134823979235,Increased in senescence
SYNGR1,O43759,0.496068852253469,0.00362848821705796,Increased in senescence
SYNGR2,O43760,0.464271698498955,0.00470197681582883,Increased in senescence
SYPL1,Q16563,0.371915247007259,0.00253900126864801,Increased in senescence
SYT1,P21579,0.588018276224229,0.00206531497917683,Increased in senescence
SYTL2,Q9HCH5,0.573842694220101,0.00143509514211817,Increased in senescence
TAP1,Q03518,0.487656751883659,0.000565286444026994,Increased in senescence
TAP2,Q03519,0.364112699045329,0.00399958999230597,Increased in senescence
TAPBP,O15533,0.72790004540434,0.000855632723542609,Increased in senescence
TARS2,Q9BW92,0.497344998704058,0.000182899108924442,Increased in senescence
TBC1D20,Q96BZ9,0.4342392491467,0.00777702376166464,Increased in senescence
TBC1D8B,Q0IIM8,0.342255684771665,0.00394585873276436,Increased in senescence
TBL2,Q9Y4P3,0.347958120139939,0.00263607393118364,Increased in senescence
TBXAS1,P24557,0.508089318569436,0.00995004673031247,Increased in senescence
TCIRG1,Q13488,0.367353515511937,0.000510870175332018,Increased in senescence
TCP11L1,Q9NUJ3,0.421345062677133,0.00447194833864337,Increased in senescence
TDRD7,Q8NHU6,0.554240757206401,0.00029661718361585,Increased in senescence
TEP1,Q99973,0.345873773112221,0.00731765851346357,Increased in senescence
TEX264,Q9Y6I9,0.332231230851121,0.00480718661294206,Increased in senescence
TGFB2,P61812,0.929034712820826,0.0049384667482523,Increased in senescence
THBS1,P07996,0.491161474799554,0.00023817339733239,Increased in senescence
THNSL1,Q8IYQ7,0.417212289886038,0.00127132937714578,Increased in senescence
THY1,P04216,0.527573260196071,0.000156053760327941,Increased in senescence
TIGAR,Q9NQ88,0.347995596135441,0.00400550884525122,Increased in senescence
TIMM13,Q9Y5L4,0.506038154645118,0.000622160838274171,Increased in senescence
TK2,O00142,0.448999853536336,0.00233111100416714,Increased in senescence
TLN2,Q9Y4G6,0.339393042672445,0.00166174006806485,Increased in senescence
TM7SF3,Q9NS93,0.568724240745688,0.000621289070639988,Increased in senescence
TMCO4,Q5TGY1,0.474662183725698,0.00430861879572907,Increased in senescence
TMEM106B,Q9NUM4,0.329455852316613,0.00162284385716993,Increased in senescence
TMEM115,Q12893,0.341079940071548,0.00264137435637492,Increased in senescence
TMEM119,Q4V9L6,1.29317756046288,0.000210122252347713,Increased in senescence
TMEM14C,Q9P0S9,0.383937171326682,0.00244464616983797,Increased in senescence
TMEM167A,Q8TBQ9,0.56605454549188,0.00296514384554142,Increased in senescence
TMEM179B,Q7Z7N9,0.35765756666061,0.00319197246756658,Increased in senescence
TMEM184C,Q9NVA4,0.452940935447813,0.00103368374107024,Increased in senescence
TMEM19,Q96HH6,1.27881028684772,0.00377700355134455,Increased in senescence
TMEM200A,Q86VY9,0.519706914027136,0.00416423333910855,Increased in senescence
TMEM205,Q6UW68,0.399339588072248,0.000880481480758557,Increased in senescence
TMEM258,P61165,0.522246124195906,0.00738663257595421,Increased in senescence
TMEM35A,Q53FP2,1.39429707293372,0.000190591634668619,Increased in senescence
TMEM44,Q2T9K0,0.627740340273107,0.00233111100416714,Increased in senescence
TMEM51,Q9NW97,0.556452514474152,0.00662210349108417,Increased in senescence
TMEM62,Q0P6H9,0.655521425281407,5.14661079433636e-05,Increased in senescence
TMEM63A,O94886,0.375764303898691,0.0073557257567767,Increased in senescence
TMLHE,Q9NVH6,0.659772119411102,0.000337063253910845,Increased in senescence
TMOD2,Q9NZR1,0.391521652469226,0.0049384667482523,Increased in senescence
TMTC1,F8VTQ9,1.79025130464155,3.0557546197031e-05,Increased in senescence
TNC,P24821,0.737326743688033,0.00042389253568728,Increased in senescence
TNFAIP2,Q03169,1.47281062005195,5.98645781814605e-06,Increased in senescence
TNFRSF10B,O14763,0.398559105212698,0.00364976862636628,Increased in senescence
TNFRSF1B,P20333,0.668126198982698,0.00533785437866943,Increased in senescence
TNFSF4,P23510,0.561864584769339,0.0062554263576528,Increased in senescence
TNIK,Q9UKE5,0.45793864024661,0.00129901085358588,Increased in senescence
TP53I3,Q53FA7,0.324712586889547,0.00418113294405865,Increased in senescence
TPBG,Q13641,0.413348385664932,0.00360476843897128,Increased in senescence
TPM1,P09493,0.456679363068929,0.00585201447518215,Increased in senescence
TPM2,P07951,0.436858052370944,0.0070682656247326,Increased in senescence
TPP1,O14773,0.480369339438987,0.000850244383009683,Increased in senescence
TRADD,Q15628,0.427780209072647,0.000665427893315029,Increased in senescence
TRAF3IP1,Q8TDR0,0.354993634935347,0.00808898060815453,Increased in senescence
TRAM1,Q15629,0.342930430463067,0.00440653469078197,Increased in senescence
TRAPPC12,Q8WVT3,0.343326608628029,0.00308899006075081,Increased in senescence
TRIM22,Q8IYM9,1.11912752246931,6.6182593901101e-06,Increased in senescence
TRIM32,Q13049,0.330470785997107,0.00187507500480265,Increased in senescence
TRIM38,O00635,0.455348417699167,0.00491051193891504,Increased in senescence
TRIOBP,Q9H2D6,0.335943683976229,0.00182122607049054,Increased in senescence
TRMT11,Q7Z4G4,0.381994423949322,0.00130353874756822,Increased in senescence
TRMU,O75648,0.354995546830022,0.00971167298311002,Increased in senescence
TRNT1,Q96Q11,0.328046638928484,0.00112600588795887,Increased in senescence
TRO,Q12816,0.493396188672541,0.000718135992068171,Increased in senescence
TRPM4,Q8TD43,0.383811996710353,0.00161567949906992,Increased in senescence
TRPV4,Q9HBA0,1.18842361572456,0.000643020763009683,Increased in senescence
TSC1,Q92574,0.361565232765919,0.00435731570515648,Increased in senescence
TSNAX,Q99598,0.347687713271473,0.00419788810918323,Increased in senescence
TSPAN10,Q9H1Z9,0.777208466855026,0.000393582001644687,Increased in senescence
TSPAN3,O60637,0.409746388187386,0.00324033559722295,Increased in senescence
TSPAN6,O43657,0.423767820555241,0.00452009483444382,Increased in senescence
TSPAN9,O75954,0.360336511676607,0.00524870114898189,Increased in senescence
TST,Q16762,0.670523759563423,0.000103066641978747,Increased in senescence
TTC12,Q9H892,0.702681187090054,0.00478450995200035,Increased in senescence
TTC19,Q6DKK2,0.63042847177022,0.00279038788126479,Increased in senescence
TTC38,Q5R3I4,0.411410612122445,0.00896706859713263,Increased in senescence
TTYH3,Q9C0H2,0.409727649516739,0.00878090895824201,Increased in senescence
TXNDC11,Q6PKC3,0.361005567994017,0.00530391802008839,Increased in senescence
TXNRD2,Q9NNW7,0.50250361152516,0.000867237273636766,Increased in senescence
UBA7,P41226,0.402701622421784,0.00328719561236796,Increased in senescence
UBE2L6,O14933,0.541635570997695,0.0016442228588711,Increased in senescence
UBL3,O95164,0.57658783807344,0.00216008138988245,Increased in senescence
UBL5,Q9BZL1,0.403065624434291,0.00770290593121807,Increased in senescence
UBXN4,Q92575,0.457496064381992,0.000579740221306455,Increased in senescence
UGGT1,Q9NYU2,0.341963279861623,0.00221600713659158,Increased in senescence
UGP2,Q16851,0.378258494688083,0.00365560293619717,Increased in senescence
UNC13B,A0A1B0GUS7,0.420698155309207,0.0037696245309752,Increased in senescence
UQCC1,Q9NVA1,0.360711265796894,0.00429437391566903,Increased in senescence
UQCR10,Q9UDW1,0.71038515676408,0.000825510680726353,Increased in senescence
UQCR11,O14957,0.590739139160554,0.0097737321488521,Increased in senescence
UQCRC1,P31930,0.376034941446164,0.00307901146335197,Increased in senescence
USP31,Q70CQ4,0.684026819265409,0.000488842008551327,Increased in senescence
VAMP5,O95183,0.497461643730514,0.00352009057972912,Increased in senescence
VAT1,Q99536,0.537388541820356,0.000378274683815821,Increased in senescence
VAT1L,Q9HCJ6,0.437683127682483,0.000889982495810851,Increased in senescence
VCPKMT,Q9H867,0.56055264887117,0.00325574551496747,Increased in senescence
VEPH1,Q14D04,0.516411444004483,0.00402724809853781,Increased in senescence
VEZT,F8W8C2,0.340464473908032,0.00664524217047177,Increased in senescence
VIPAS39,Q9H9C1,0.343400848077732,0.00117899058615056,Increased in senescence
VMA21,Q3ZAQ7,0.358316062925219,0.00537813237746716,Increased in senescence
VNN1,O95497,1.14688431643699,0.00024697040653252,Increased in senescence
VPS13C,Q709C8,0.396617748337501,0.00400952842314801,Increased in senescence
VPS26C,O14972,0.378981108094671,0.00217693632809736,Increased in senescence
WARS1,P23381,0.330586014169377,0.0021713558892392,Increased in senescence
WDFY3,Q8IZQ1,0.397150977042575,0.00383739556353161,Increased in senescence
WDR11,Q9BZH6,0.332103032425955,0.00232193161726724,Increased in senescence
WDR37,Q9Y2I8,0.39711578777062,0.00151675188552035,Increased in senescence
WDR89,Q96FK6,0.37319927597667,0.00220287544437886,Increased in senescence
WDR91,A4D1P6,0.446998782263911,0.0005142583441552,Increased in senescence
WDSUB1,Q8N9V3,0.401149841630371,0.00376931983575899,Increased in senescence
WFS1,O76024,0.541207451582103,0.000163978143624266,Increased in senescence
WIPI1,Q5MNZ9,0.598521694269813,5.39258621746483e-05,Increased in senescence
WNT5A,P41221,0.627926603180732,0.000925487771470719,Increased in senescence
XPNPEP3,Q9NQH7,0.687403374611314,0.000342913137550746,Increased in senescence
XRCC4,Q13426,0.334913774151694,0.002820143276777,Increased in senescence
XYLT1,Q86Y38,0.395922163725743,0.00744984479101858,Increased in senescence
XYLT2,Q9H1B5,0.456430083889188,0.000727055973697833,Increased in senescence
YES1,P07947,0.470699022688386,0.00505589261408107,Increased in senescence
ZDHHC3,Q9NYG2,0.923256194120466,0.000290913541415131,Increased in senescence
ZFTRAF1,P0DTL6,0.32722378059902,0.00232773780397359,Increased in senescence
ZNF275,Q9NSD4,0.647467474258189,0.000516832598417976,Increased in senescence
ZNF324,O75467,0.866703363442674,0.00384400040124184,Increased in senescence
