gene,uniprot_id,log2_apoe2_over_apoe3,qvalue,comparison
CAT,P04040,4.70533038175921,8.19747218735294e-10,APOE2 / APOE3
GAP43,P17677,4.54041298096243,1.35575635288048e-07,APOE2 / APOE3
PSMD5,Q16401,3.99471675775535,4.47498905295192e-10,APOE2 / APOE3
KRT7,P08729,-3.2382959540213,1.73257958758969e-07,APOE2 / APOE3
NDRG1,Q92597,3.10135338205034,4.52072852658144e-07,APOE2 / APOE3
MMP11,P24347,3.07507894749894,0.0360363978753775,APOE2 / APOE3
ASS1,P00966,2.99937623950211,4.07926975359894e-05,APOE2 / APOE3
TGFB2,P61812,-2.65151826369236,0.00067403196355971,APOE2 / APOE3
PDE12,Q6L8Q7,-2.6259840833189,0.0170194025093745,APOE2 / APOE3
IAH1,Q2TAA2,2.48996193520231,0.000259498766656929,APOE2 / APOE3
CCN2,P29279,-2.48851664904157,2.26419078222528e-12,APOE2 / APOE3
GPC4,O75487,-2.46805154972495,0.00318744831218858,APOE2 / APOE3
FRMD6,Q96NE9,-2.25221711593051,0.0364148463300185,APOE2 / APOE3
PLK1,P53350,-2.21959353168974,8.17319550814649e-05,APOE2 / APOE3
PNPO,Q9NVS9,-2.21837743488946,0.0131333913880581,APOE2 / APOE3
CRIM1,Q9NZV1,-2.20390597430684,0.000587497610823456,APOE2 / APOE3
S100A6,P06703,-2.08162864139309,0.000484436896376009,APOE2 / APOE3
SLC6A6,P31641,-2.06856512856747,0.000868016725855443,APOE2 / APOE3
COMT,P21964,-2.03040153481629,0.0190794221827817,APOE2 / APOE3
CLEC11A,Q9Y240,-2.01364388138062,0.000789101305207692,APOE2 / APOE3
DCBLD1,Q8N8Z6,-2.01161730333333,0.0154211272006602,APOE2 / APOE3
CLMP,Q9H6B4,1.99608688299082,0.0126713110818103,APOE2 / APOE3
COLEC12,Q5KU26,1.95781726626298,2.60597700230149e-11,APOE2 / APOE3
PBX1,P40424,1.95717208386017,0.000757565749654363,APOE2 / APOE3
HMGCR,P04035,1.93890668795284,0.0212294762336039,APOE2 / APOE3
SH3D19,Q5HYK7,-1.93226579313919,0.0103445981916855,APOE2 / APOE3
TNC,P24821,1.91201262493368,1.71062432039196e-40,APOE2 / APOE3
PDE5A,O76074,1.86141210425479,8.17319550814649e-05,APOE2 / APOE3
CDKN1A,P38936,-1.77933709784977,0.0142472865015455,APOE2 / APOE3
PLPP3,O14495,1.77767531660992,1.30137098667264e-05,APOE2 / APOE3
MID1,O15344,-1.77040386361376,0.00125055100946578,APOE2 / APOE3
CRABP2,P29373,1.68524731330349,6.48372373538651e-06,APOE2 / APOE3
MAOA,P21397,-1.67858316999091,0.00222802278103443,APOE2 / APOE3
H1-5,P16401,1.65349644673983,0.0133159170007439,APOE2 / APOE3
NDUFAF2,Q8N183,1.64691965935021,1.19608230043171e-05,APOE2 / APOE3
LXN,Q9BS40,1.64637623526718,1.35099842142591e-05,APOE2 / APOE3
CRMP1,Q14194,1.6460101886954,2.29744201672947e-11,APOE2 / APOE3
EMILIN1,Q9Y6C2,1.62611688692222,6.37258534432497e-11,APOE2 / APOE3
HAPLN1,P10915,-1.59963420748092,0.0486122376606004,APOE2 / APOE3
CFI,P05156,1.59477110895179,3.28514250941009e-05,APOE2 / APOE3
THBS1,P07996,-1.58735837354635,3.07757497122829e-31,APOE2 / APOE3
DNAJB4,Q9UDY4,-1.57380079234337,0.000207799609129381,APOE2 / APOE3
PDE1C,Q14123,-1.54688116809842,0.000149152215813244,APOE2 / APOE3
NCEH1,Q6PIU2,-1.54340678376491,0.010167060728507,APOE2 / APOE3
GPC6,Q9Y625,1.52943013338832,0.0106274159447299,APOE2 / APOE3
DCHS1,Q96JQ0,1.50713549578574,0.000793145551358389,APOE2 / APOE3
NID1,P14543,1.50620398551592,0.00369254372149287,APOE2 / APOE3
PTGIS,Q16647,1.49712447162767,5.11469280551309e-07,APOE2 / APOE3
VCAN,P13611,1.48305671203306,1.67656348236181e-23,APOE2 / APOE3
SERPINB2,P05120,-1.40823704435147,6.09110111762081e-05,APOE2 / APOE3
EDIL3,O43854,-1.38088618857539,3.69518101115191e-16,APOE2 / APOE3
NMT2,O60551,-1.37898664094648,0.0487686989666288,APOE2 / APOE3
NUDT19,A8MXV4,-1.37202355092713,0.0310373036333799,APOE2 / APOE3
PALM,O75781,1.35565225873354,0.00013638856538697,APOE2 / APOE3
TNIK,Q9UKE5,-1.34284996803139,0.0203232427946576,APOE2 / APOE3
IGFBP5,P24593,1.32101929245885,0.0259736682270351,APOE2 / APOE3
LOX,P28300,-1.32053700635273,8.03323222832327e-06,APOE2 / APOE3
EPHA4,P54764,1.31063679410653,0.000793145551358389,APOE2 / APOE3
ERMP1,Q7Z2K6,1.30062127515228,1.0691958642574e-11,APOE2 / APOE3
CCND1,P24385,-1.28738628922796,0.0494639774585007,APOE2 / APOE3
PLAT,P00750,1.28632075270824,1.35575635288048e-07,APOE2 / APOE3
NEFL,P07196,1.28284515584454,9.29657904461436e-17,APOE2 / APOE3
CPA4,Q9UI42,-1.27757721857113,3.8865674398834e-05,APOE2 / APOE3
PHLDB1,Q86UU1,1.26867326526021,3.13086232422603e-06,APOE2 / APOE3
SMTN,P53814,-1.24634929991016,2.60876835414091e-06,APOE2 / APOE3
LTBP1,Q14766,1.22758608209672,5.81718680145245e-07,APOE2 / APOE3
LYPLAL1,Q5VWZ2,-1.22270708072433,0.00670845882098151,APOE2 / APOE3
PAPSS2,O95340,-1.21913221492549,7.08280466201142e-12,APOE2 / APOE3
KIF2C,Q99661,-1.17961393920596,0.00594036131096842,APOE2 / APOE3
PRRX1,P54821,1.17905534686539,0.0139413190269366,APOE2 / APOE3
TACC3,Q9Y6A5,-1.15456460802578,0.00975019788789079,APOE2 / APOE3
SMURF2,Q9HAU4,-1.1402893068633,0.00277569064444609,APOE2 / APOE3
MCAM,P43121,-1.13642502735976,0.000709329235561719,APOE2 / APOE3
OXR1,Q8N573,1.13581612993761,9.68437975498254e-07,APOE2 / APOE3
MOXD1,Q6UVY6,1.12832314799381,0.000183338654190242,APOE2 / APOE3
SERPINE2,P07093,1.09914407735012,0.0442559907091953,APOE2 / APOE3
AACS,Q86V21,-1.09838313310687,1.38193377323708e-05,APOE2 / APOE3
OTULINL,Q9NUU6,1.09544084729154,0.00808249214938591,APOE2 / APOE3
IGFBP2,P18065,1.07712800231979,0.0148557987068337,APOE2 / APOE3
TOR4A,Q9NXH8,-1.06795090976332,0.00969419637817857,APOE2 / APOE3
EIF4A2,Q14240,-1.06132700530208,4.43116388312131e-07,APOE2 / APOE3
UTP25,Q68CQ4,-1.05939606578653,0.0174362909950006,APOE2 / APOE3
ADD3,Q9UEY8,1.05458341060563,2.10089205179624e-06,APOE2 / APOE3
NEK7,Q8TDX7,-1.05269037212491,0.00607961397025689,APOE2 / APOE3
CDC42EP4,Q9H3Q1,1.05121691781431,0.000179200585949571,APOE2 / APOE3
BPNT2,Q9NX62,1.04545886723153,0.00269096344030054,APOE2 / APOE3
EFEMP2,O95967,1.04372073930765,0.0385457502444972,APOE2 / APOE3
AFP,P02771,1.03988007928535,2.10089205179624e-06,APOE2 / APOE3
MCCC2,Q9HCC0,-1.03720014199926,0.000678600990346589,APOE2 / APOE3
LEPROT,O15243,-1.03238246098944,0.0300826580116577,APOE2 / APOE3
PVR,P15151,-1.0286773912115,0.000731099890466239,APOE2 / APOE3
JAK1,P23458,1.01754389668912,0.0454282664328358,APOE2 / APOE3
PON2,Q15165,-1.01682059953314,0.00441212838478666,APOE2 / APOE3
AHSG,P02765,1.0107569340019,0.0175529050909319,APOE2 / APOE3
CPPED1,Q9BRF8,-1.0070164457701,0.0393217643218965,APOE2 / APOE3
FGF2,P09038,-1.00433505813418,0.0103445981916855,APOE2 / APOE3
NEK9,Q8TD19,1.00069823578944,0.0352475557860076,APOE2 / APOE3
RBP1,P09455,0.990125202225877,0.000731099890466239,APOE2 / APOE3
MAP2,P11137,0.987633533277849,0.000313274898489118,APOE2 / APOE3
NCAPG,Q9BPX3,-0.983389841262811,0.0357135441846129,APOE2 / APOE3
PTPN14,Q15678,-0.980224869469867,0.00188807448678959,APOE2 / APOE3
OBSL1,O75147,0.98005745774038,0.0486122376606004,APOE2 / APOE3
CCDC50,Q8IVM0,-0.969594072428444,0.00345565105905149,APOE2 / APOE3
IFT57,Q9NWB7,0.959754284737356,0.00660635912105593,APOE2 / APOE3
KANK2,Q63ZY3,0.951609697129439,0.0203779892704202,APOE2 / APOE3
UBE2L6,O14933,0.946002006571301,0.0202713588168295,APOE2 / APOE3
CCDC8,Q9H0W5,0.938578142530407,0.0142472865015455,APOE2 / APOE3
ITGA3,P26006,-0.920031260885703,0.00125055100946578,APOE2 / APOE3
ANLN,Q9NQW6,-0.916711092436872,5.56908792057533e-08,APOE2 / APOE3
SAV1,Q9H4B6,-0.913182022990378,0.0123226908868203,APOE2 / APOE3
NEFM,P07197,0.909009991466214,2.14102231250707e-07,APOE2 / APOE3
ALDH1B1,P30837,-0.907626487854105,0.0278005394569574,APOE2 / APOE3
UBE2S,Q16763,-0.907215430532348,0.0166028492022108,APOE2 / APOE3
SERPINE1,P05121,-0.902698585792476,0.00155402663436038,APOE2 / APOE3
ECM1,Q16610,0.890546491229475,0.0129053446348833,APOE2 / APOE3
TPX2,Q9ULW0,-0.890527803280666,0.011272936342578,APOE2 / APOE3
NR2F2,P24468,0.881842771819717,0.00711695462170009,APOE2 / APOE3
FZD7,O75084,0.870003776573407,0.000965396576803964,APOE2 / APOE3
COL6A3,P12111,0.8633969231414,1.12166485102963e-18,APOE2 / APOE3
KNOP1,Q1ED39,-0.862571023031335,0.0415779195347173,APOE2 / APOE3
PFKP,Q01813,-0.861365065016754,2.14102231250707e-07,APOE2 / APOE3
PIK3C2A,O00443,-0.859208944216015,0.0496078676270468,APOE2 / APOE3
TAGLN,Q01995,-0.858497126807515,6.53143900911604e-08,APOE2 / APOE3
TXN,P10599,0.837745667102428,0.00151718986941424,APOE2 / APOE3
ALB,P02768,0.825486033901294,0.000678600990346589,APOE2 / APOE3
COL14A1,Q05707,0.817676517664452,0.0494639774585007,APOE2 / APOE3
GALNT10,Q86SR1,-0.81755488812793,0.023702734319153,APOE2 / APOE3
METTL7A,Q9H8H3,0.814363368830841,0.000731099890466239,APOE2 / APOE3
TF,P02787,0.809489043814259,0.0330881196304023,APOE2 / APOE3
BASP1,P80723,0.803166642423375,0.0141960305473525,APOE2 / APOE3
ITGB3,P05106,-0.795683371011445,0.00177929843832737,APOE2 / APOE3
LMO7,Q8WWI1,-0.791466065704811,1.16736936021212e-15,APOE2 / APOE3
HIP1,O00291,0.787197773658825,0.00177929843832737,APOE2 / APOE3
PALS1,Q8N3R9,-0.786894297491236,0.0023375408892642,APOE2 / APOE3
HCLS1,P14317,-0.786702196878481,0.00329068670958676,APOE2 / APOE3
ARHGAP18,Q8N392,-0.77954930148613,3.8067279639986e-06,APOE2 / APOE3
TJP2,Q9UDY2,-0.772567126747423,0.000294427654987501,APOE2 / APOE3
CALU,O43852,-0.772190654199438,0.00583802783936752,APOE2 / APOE3
TMEM200A,Q86VY9,-0.771234734272587,0.0349647751975636,APOE2 / APOE3
TOP2A,P11388,-0.758475498171708,0.000247072197671696,APOE2 / APOE3
MKI67,P46013,-0.758115499043516,0.0478746434937079,APOE2 / APOE3
FAP,Q12884,0.757996766006378,0.00202627120599626,APOE2 / APOE3
NOTCH2,Q04721,0.756685083936409,0.0190134880315287,APOE2 / APOE3
TRIO,O75962,-0.756495969667086,0.0025531362527097,APOE2 / APOE3
CAP2,P40123,-0.752814401757358,0.0492270443500772,APOE2 / APOE3
TACO1,Q9BSH4,-0.752329358647904,0.0188662282094995,APOE2 / APOE3
TECPR2,O15040,0.749161667945676,0.016115312980996,APOE2 / APOE3
SRRM1,Q8IYB3,0.749015359554779,0.0332991623115499,APOE2 / APOE3
MRPS10,P82664,0.745533574019302,0.0415443031855216,APOE2 / APOE3
NAPRT,Q6XQN6,0.740973861298454,0.000244236647728958,APOE2 / APOE3
CENPV,Q7Z7K6,0.739835503260611,0.04694237253788,APOE2 / APOE3
ASNS,P08243,-0.733639454818404,0.00122058506628132,APOE2 / APOE3
PTPN1,P18031,-0.726696579278714,0.0372673200260444,APOE2 / APOE3
CTIF,O43310,-0.72652754948922,0.00797111504128331,APOE2 / APOE3
OARD1,Q9Y530,-0.721792716322804,0.0343840272055922,APOE2 / APOE3
MPDZ,O75970,-0.720190895899839,0.00583802783936752,APOE2 / APOE3
GPD1L,Q8N335,0.718143791815994,0.0170194025093745,APOE2 / APOE3
MRC2,Q9UBG0,0.715603021968335,2.80669192781138e-07,APOE2 / APOE3
ADD1,P35611,0.715511081178739,0.00262283496261807,APOE2 / APOE3
NEDD4L,Q96PU5,-0.712164631347479,0.0319697415813308,APOE2 / APOE3
COL3A1,P02461,0.712123651582976,9.06334178483057e-05,APOE2 / APOE3
PTK7,Q13308,0.709584343256579,0.000609054116652393,APOE2 / APOE3
ZEB2,O60315,0.699933198501511,0.000294427654987501,APOE2 / APOE3
DSTN,P60981,-0.699096375657994,0.00399001791334108,APOE2 / APOE3
CDK17,Q00537,-0.69693928487245,0.00177929843832737,APOE2 / APOE3
COL6A2,P12110,0.695420539113686,1.12213907219961e-06,APOE2 / APOE3
NDUFS6,O75380,-0.692721466164744,0.00769482523694474,APOE2 / APOE3
COL1A2,P08123,0.683191395498782,0.00160717229046222,APOE2 / APOE3
YY1,P25490,0.682943646010149,0.0098814124110028,APOE2 / APOE3
HS2ST1,Q7LGA3,0.680653213613193,0.0407175350292655,APOE2 / APOE3
MRPS15,P82914,0.680404219849441,0.00802792536060967,APOE2 / APOE3
PDE4DIP,Q5VU43,-0.678779399410073,0.0330407539490612,APOE2 / APOE3
SEPTIN10,Q9P0V9,0.674942769569796,0.00329068670958676,APOE2 / APOE3
QSOX1,O00391,-0.665729241559233,0.0142472865015455,APOE2 / APOE3
NPC2,P61916,0.665142383270487,0.00310111163004023,APOE2 / APOE3
LPCAT3,Q6P1A2,0.664279459828849,0.00177946295375143,APOE2 / APOE3
GJA1,P17302,-0.660842551564144,5.2977589199891e-05,APOE2 / APOE3
EPHA2,P29317,-0.660444115769735,0.000259498766656929,APOE2 / APOE3
TRPV2,Q9Y5S1,-0.65892348897328,0.017966061381492,APOE2 / APOE3
KIFC1,Q9BW19,-0.654936340343743,0.00483782195089857,APOE2 / APOE3
LAMA5,O15230,0.648964529624646,0.000437062492413009,APOE2 / APOE3
COL4A1,P02462,-0.647443752093831,0.0400196494320954,APOE2 / APOE3
GNPDA1,P46926,0.646331846823524,0.0157327771148243,APOE2 / APOE3
FKBP11,Q9NYL4,-0.645018492289504,0.0178013658679306,APOE2 / APOE3
GM2A,P17900,0.643052366906003,3.21869685575448e-05,APOE2 / APOE3
SELENBP1,Q13228,0.640929058723171,0.0268095628340979,APOE2 / APOE3
TNS2,Q63HR2,0.640505491895772,0.00941740364384799,APOE2 / APOE3
KRT19,P08727,-0.637641131630652,0.0063972309641287,APOE2 / APOE3
PC,P11498,0.635509219407377,0.000662742330589266,APOE2 / APOE3
SUB1,P53999,-0.634488907055056,0.0204592461991511,APOE2 / APOE3
FHL1,Q13642,-0.63385365868865,0.00957853582573678,APOE2 / APOE3
EIF2AK4,Q9P2K8,-0.624722745810004,0.0157327771148243,APOE2 / APOE3
ARMC9,Q7Z3E5,-0.62004712632282,0.0410798218091095,APOE2 / APOE3
CUL7,Q14999,0.618118451109116,0.00826702758177757,APOE2 / APOE3
MARCKSL1,P49006,0.617900892994666,2.23347138420128e-05,APOE2 / APOE3
IGF2R,P11717,-0.617436996820401,4.68370481346718e-07,APOE2 / APOE3
DPP7,Q9UHL4,0.614731580788109,6.57527546336075e-07,APOE2 / APOE3
PTX3,P26022,0.613137735614583,0.000132851664001841,APOE2 / APOE3
DCAF13,Q9NV06,-0.612858822159862,0.0441206464241362,APOE2 / APOE3
HTRA1,Q92743,0.608686090089645,0.015366694722537,APOE2 / APOE3
TP53BP1,Q12888,0.606949434598008,0.00076980534250615,APOE2 / APOE3
PRDX4,Q13162,-0.606933621098531,0.0143939313375888,APOE2 / APOE3
HDAC7,Q8WUI4,-0.606746649505257,0.0290376530939083,APOE2 / APOE3
ME2,P23368,-0.603488131563885,0.005090241555743,APOE2 / APOE3
GLIPR1,P48060,-0.602993671456565,0.00870600742183947,APOE2 / APOE3
GBE1,Q04446,-0.598847299479516,0.0386722587820509,APOE2 / APOE3
TMED4,Q7Z7H5,-0.597022211156168,0.0271602803448706,APOE2 / APOE3
F2,P00734,-0.595394257152637,0.0162554501246852,APOE2 / APOE3
ARPIN,Q7Z6K5,0.591766642706835,0.0120061572669228,APOE2 / APOE3
CSRP1,P21291,0.591447448673523,0.00258201603162435,APOE2 / APOE3
CMBL,Q96DG6,0.591121102642753,0.000587497610823456,APOE2 / APOE3
SVIL,O95425,0.589158171981525,0.00310563849400557,APOE2 / APOE3
EPHB2,P29323,0.587525034963996,0.000731099890466239,APOE2 / APOE3
BCCIP,Q9P287,-0.585915513566622,0.0332991623115499,APOE2 / APOE3
MRPL9,Q9BYD2,-0.585538909594821,0.0239120388908237,APOE2 / APOE3
AKAP12,Q02952,0.583617682907693,2.34564681406905e-05,APOE2 / APOE3
RRM2,P31350,-0.580829400381704,0.00152664347620923,APOE2 / APOE3
HBA1,P69905,-0.580622811410435,0.00151049376312964,APOE2 / APOE3
