probe,symbol,pan1,pan2,blood,skin,liver,kidney,loglin,relative
(Intercept),,57.33280355,58.38393618,35.60282572,-5.883971029,-3.993484572,36.81724454,16.43627425,2.692594853
cg04084157,VGF,12.1539282,,1.08746735,0.809870624,4.877616998,12.77751479,4.923004967,0.638316965
cg12841266,LHFPL4,4.882694562,,13.01234271,5.066541762,3.194727521,9.328539024,1.988255238,0.260542878
cg24866418,LHFPL4,1.242194401,,5.102945496,1.487274321,2.709023497,9.418529879,0.717275129,0.08447646
cg21623348,BARHL2,12.56103399,,,,5.669699593,9.160351493,1.120582833,0.345547022
cg21452781,DBX1,7.254124042,,1.619035972,1.243346379,,26.50766262,0.041993823,0.053707234
cg06655030,SRRM2,-56.83044185,,,,,-16.33053047,-6.565949018,-1.489652701
cg02495519,LYRM1,-8.480970765,,,,,,-0.402244942,-0.165669485
cg23415880,PDX1,13.18487361,,,6.749270443,4.134140193,,0.000399641,0.022203157
cg27556193,OTX1,2.277879545,,,,0.503617452,,2.586052596,0.387355226
cg07795407,MEIS2,,,7.611808724,,3.13513901,,1.46713737,0.202479593
cg19945840,B3GALT6,,,5.576553021,,4.317257301,,0.644921397,0.110033291
cg15055738,SOCS3,13.93641461,,,,,,0.078525235,0.001651362
cg20093263,ZEB2,-1.196329623,,,,,,-0.049904309,-0.002813306
cg22793142,CD34,-1.099177802,,,,,,-0.354809373,-0.038179112
cg02787772,DPYSL2,,,,1.782100199,,,0.480901494,0.195879985
cg05933419,PDX1,,,,,9.267891678,,0.301208634,0.063874547
cg13848598,ADRB1,,,,0.786624721,,,0.236733067,0.001764804
cg08402704,BARHL2,6.94863731,,1.80381768,3.726355315,1.632313637,6.949549473,,0.030720945
cg21841644,NRSN2,0.149356088,,,,,,,0.036764223
cg02783173,gene:ENSHGLG00100000269,1.50531865,,,,2.27077109,4.266105705,,0.045735441
cg21389633,F12,,,-0.257094632,,,,,-0.01543865
cg05897263,IGF2BP3,,,6.237038425,,,,,0.008955482
cg26067250,DLX1,,,,,7.404563845,,,0.111893447
cg07422543,ZC3H3,,,,,,,0.279347448,0.03101126
cg00038955,OSR2,,,,,,,0.313678875,0.033476016
cg00109797,SLC25A4,,,,,,,-0.625643678,-0.104884341
cg00531009,PYGM,,,,,,,-0.038856024,-0.006363477
cg00737936,DLG3,,,,,,,0.344748535,0.002419885
cg00766718,ONECUT2,,,,,,,0.001726771,0.021519779
cg00783833,FLOT2,,,,,,,0.244381807,0.063503994
cg00787665,ZNF507,,,,,,,0.075621318,0.009862647
cg00877739,GRIN2B,,,,,,,0.458254131,0.103910398
cg00957471,IPO9,,,,,,,0.85875075,0.146194529
cg00958552,SNX31,,,,,,,0.13232905,0.00853268
cg01193554,FOXO6,,,,,,,-0.321743939,-0.017251322
cg01245471,HOXA11,,,,,,,-0.388788162,-0.020337522
cg01351663,NKX2-8,,,,,,,0.292300823,0.036743058
cg01418317,PCDH7,,,,,,,-0.33778311,-0.025941101
cg01461078,DMRTA2,,,,,,,0.001307748,0.000823451
cg01538162,PYGM,,,,,,,-0.433186476,-0.052224425
cg01566077,METTL3,,,,,,,0.150503495,0.019344435
cg01650941,LBX1,,,,,,,-0.572308263,-0.053378211
cg01655814,MAPRE3,,,,,,,-0.006218943,-3.01e-05
cg01901338,OTP,,,,,,,-1.039444472,-0.15066933
cg01939401,NPTN,,,,,,,0.327839322,0.028579432
cg02106637,C6orf62,,,,,,,-0.052555569,-0.016814905
cg02212975,ACTN4,,,,,,,-0.397595566,-0.041701871
cg02321644,DNAJC24,,,,,,,0.156076996,0.021997764
cg02385429,HOXC4,,,,,,,-0.090181781,-0.015775961
cg09637123,IGF1R,,,,,,,-0.024128868,-0.020630466
cg02897704,PKNOX1,,,,,,,-0.377943985,-0.027391874
cg03120509,DERA,,,,,,,0.052727152,0.001280582
cg03180785,DGKH,,,,,,,0.2509759,0.021182681
cg03214473,CDH24,,,,,,,-0.405992475,-0.082498014
cg03249538,FXR1,,,,,,,0.119288518,0.01643191
cg03389662,KDM2A,,,,,,,-0.341534611,-0.074102968
cg03444965,RBM5,,,,,,,-0.25874664,-0.056884203
cg03521797,PHC2,,,,,,,-0.022276416,-0.002479893
cg03533765,ACVR2A,,,,,,,0.241820841,0.031100196
cg03659513,HAND2,,,,,,,0.044730512,0.005433802
cg03684591,ING1,,,,,,,0.230121694,0.063685643
cg10639365,TANC2,,,,,,,1.613741753,0.12361889
cg04257609,DIAPH3,,,,,,,-0.651434091,-0.144291235
cg04267424,PBX1,,,,,,,0.629638258,0.083530661
cg04295410,SLC35B3,,,,,,,-0.155551403,-0.004963029
cg04327611,ITGA1,,,,,,,0.120572603,0.014682202
cg04483487,ADAMTS6,,,,,,,-1.020805415,-0.103778106
cg04539724,NPFF,,,,,,,-0.179038538,-0.022633132
cg04858895,BCL2L2-PABPN1,,,,,,,-0.087501467,-0.02257786
cg04931708,FEZF1,,,,,,,2.562197317,0.283292629
cg04975338,CCDC191,,,,,,,-0.044409424,-0.01517702
cg05066539,ACHE,,,,,,,0.748449642,0.066466208
cg05118387,NTN1,,,,,,,0.172951001,0.020431149
cg05134912,ONECUT2,,,,,,,-0.09165989,-0.012996636
cg05147550,MEF2C,,,,,,,0.123490737,0.018110439
cg05163758,SREBF1,,,,,,,0.169740366,0.03254526
cg05337739,KLF7,,,,,,,-1.855932222,-0.199697211
cg05362516,IRX6,,,,,,,-0.437167973,-0.052350061
cg05390212,AREG,,,,,,,0.135104187,0.004437619
cg05470773,PKN2,,,,,,,0.917272462,0.123613381
cg05570491,GUCA2B,,,,,,,-0.221833339,-0.049106779
cg05632694,MTOR,,,,,,,-0.670663168,-0.099742736
cg05730460,SMARCA2,,,,,,,-0.060953966,-0.00349413
cg05759182,SFSWAP,,,,,,,0.514288797,0.099270499
cg05892496,HECTD1,,,,,,,-0.370707634,-0.031637996
cg12875966,DMRTA2,,,,,,,-0.582018153,-0.084406195
cg05943335,SLC2A12,,,,,,,-0.128927403,-0.167300033
cg05970544,C2CD5,,,,,,,0.484449559,0.067316951
cg06177598,SATB2,,,,,,,0.301057027,0.045669892
cg06185738,SLC17A6,,,,,,,-0.548157786,-0.077741523
cg06190403,UBAP2L,,,,,,,-0.128177821,-0.010952172
cg06310715,MAP2K6,,,,,,,-1.190897197,-0.336935788
cg06332339,NPTN,,,,,,,-2.854110068,-0.321564437
cg06571003,PAX2,,,,,,,-0.007654684,-0.036373629
cg13518541,TMEM161B,,,,,,,-0.258479531,-0.002858687
cg06759629,SEPSECS,,,,,,,-0.054224234,-0.002158379
cg06773790,NR2F2,,,,,,,-1.731589287,-0.253120409
cg06878766,PLAG1,,,,,,,0.52232461,0.002820812
cg06960698,FGF14,,,,,,,-0.344736101,-0.072614081
cg06983110,INSR,,,,,,,0.299893418,0.064942844
cg07228206,ZNF638,,,,,,,0.11037707,0.023881314
cg07359023,ARID4B,,,,,,,-0.575712357,-0.086727178
cg07373156,HOXB8,,,,,,,0.075896357,0.008450634
cg07421911,ZNF462,,,,,,,-0.005359455,-0.00699507
cg14104528,ZNF451,,,,,,,-0.656398084,-0.07978079
cg07425439,MDGA1,,,,,,,-0.011161812,-0.000693891
cg07440346,YPEL3,,,,,,,-0.322243934,-0.013069081
cg07480114,UMPS,,,,,,,-1.059309715,-0.092847109
cg07566172,KLF7,,,,,,,-1.179777409,-0.151927438
cg07607355,ID1,,,,,,,0.146675789,0.011920147
cg07718342,BCL11A,,,,,,,-0.886208101,-0.167196916
cg07747635,HES1,,,,,,,0.74982366,0.131711096
cg07769222,SLC25A4,,,,,,,-1.033102486,-0.176493644
cg14475241,POU4F1,,,,,,,0.026503444,0.001881802
cg07803121,ADGRB2,,,,,,,0.163003022,0.002962442
cg07863286,KLHL14,,,,,,,0.016078838,0.00196118
cg08013737,ACACA,,,,,,,-0.002732767,-0.011385708
cg08026135,CHD4,,,,,,,0.272143519,0.091202633
cg08088969,RFX3,,,,,,,-2.950570465,-0.470001032
cg08193095,LHX9,,,,,,,-0.057657091,-0.000442018
cg08357395,TRIM8,,,,,,,-0.132683299,-0.080411381
cg08437267,NOP56,,,,,,,-1.699304641,-0.170273663
cg08450113,SLIT1,,,,,,,-0.080002322,-0.009409794
cg08723249,SLC18A2,,,,,,,0.474379404,0.127014869
cg08868548,PEX14,,,,,,,-0.08465208,-0.009153061
cg08873209,NFYC,,,,,,,0.846635081,0.132172025
cg08912313,SH3GL2,,,,,,,0.261760802,0.010297351
cg08992395,DMRTA2,,,,,,,-0.625070689,-0.087514591
cg09164670,JADE1,,,,,,,0.266953905,0.110076736
cg09185718,FLNC,,,,,,,-0.010839508,-0.007002515
cg09312038,OGA,,,,,,,0.005169672,0.009004056
cg09377007,gene:ENSHGLG00100020376,,,,,,,-0.230493971,-0.036221009
cg09564832,TENT5A,,,,,,,0.397523404,0.02883669
cg09572652,KLHL29,,,,,,,-0.375004429,-0.017883805
cg16208240,C11orf58,,,,,,,-1.967240301,-0.177259062
cg16286672,FIGN,,,,,,,-0.438741186,-0.041562174
cg09656189,ZSWIM6,,,,,,,0.976256037,0.115828542
cg09689442,AP3B1,,,,,,,-0.0795495,-0.016021461
cg09747999,ZFAND2A,,,,,,,-0.051260051,-0.009833052
cg09761351,PBLD,,,,,,,-3.196833169,-0.210480226
cg09770154,DUSP5,,,,,,,-2.25003023,-0.481539846
cg09786757,CHST8,,,,,,,-0.22429402,-0.024504531
cg09802094,HOXB8,,,,,,,0.159943078,0.001024029
cg09827655,PURA,,,,,,,-0.339000077,-0.065969367
cg10238356,LAMP2,,,,,,,0.087142588,0.011604927
cg10250869,VWC2L,,,,,,,0.505646983,0.152870182
cg10427841,CAMKMT,,,,,,,0.03469813,0.002894437
cg10480998,HOXD4,,,,,,,0.026797335,0.008282948
cg10570730,ZNF536,,,,,,,0.033143593,0.006781882
cg10626997,MDFIC2,,,,,,,-2.086473141,-0.052014518
cg17266697,PPP1R1B,,,,,,,-1.241376637,-0.110092553
cg10654522,GSX2,,,,,,,0.035482276,0.007551172
cg10799141,CNKSR2,,,,,,,0.369132522,0.038504035
cg10801485,ZEB2,,,,,,,0.179445833,0.039320005
cg10820794,LMAN1,,,,,,,-0.058263715,-0.003890563
cg10820947,gene:ENSHGLG00100011058,,,,,,,-0.056269317,-0.004551776
cg10956761,SPRED1,,,,,,,0.338475407,0.022463218
cg11114258,RAI1,,,,,,,-0.088190009,-0.020063911
cg11121987,OPCML,,,,,,,0.208763396,0.010445172
cg11243180,FPGT,,,,,,,0.026245119,0.013196893
cg11275402,ZSWIM8,,,,,,,-0.06560866,-0.001255362
cg11332125,ZBTB7C,,,,,,,1.466333349,0.18403155
cg11383875,DDX17,,,,,,,-0.19981216,-0.044439553
cg11503760,PRPF39,,,,,,,-0.116671489,-0.020319556
cg11610869,IRX6,,,,,,,0.379184465,0.023448719
cg11670972,TFAP2A,,,,,,,-0.116026242,-0.003844935
cg11792642,POLR3A,,,,,,,-0.430982414,-0.033334098
cg11904527,TMTC2,,,,,,,-0.683353117,-0.018348664
cg11974222,TTLL12,,,,,,,-0.495586016,-0.040943904
cg12015981,CYLD,,,,,,,0.213934991,0.036305928
cg12224833,KCNH1,,,,,,,0.278873229,0.004714105
cg12448957,TMEM63B,,,,,,,-0.780688356,-0.033344571
cg12456170,POU4F2,,,,,,,0.465777195,0.033972461
cg12529140,NLK,,,,,,,-0.013487035,-0.046524006
cg12537546,RNASEK,,,,,,,-0.344537446,-0.013986687
cg12564910,SOCS3,,,,,,,0.121025571,0.010604974
cg12644878,BRPF1,,,,,,,1.088960062,0.130707921
cg12743986,FAM71D,,,,,,,0.007147596,0.006361223
cg12757011,gene:ENSHGLG00100019606,,,,,,,1.204818455,0.104671307
cg12849734,CTNNBL1,,,,,,,-0.020302656,-0.008502
cg12867675,LDB1,,,,,,,1.458627159,0.078090452
cg12908948,CADM1,,,,,,,0.097276634,0.008418953
cg13158272,MIDEAS,,,,,,,-0.041536431,-0.004443551
cg13222741,gene:ENSHGLG00100020380,,,,,,,0.035120043,0.002211134
cg13235828,FGFR2,,,,,,,0.568892167,0.002895445
cg13246416,TNPO2,,,,,,,-0.569349513,-0.100516316
cg13340108,NPEPL1,,,,,,,-2.088388787,-0.198407713
cg13447705,SLC6A5,,,,,,,-0.124209172,-0.0063803
cg13448572,ABI2,,,,,,,-0.00185356,-0.016021192
cg19946506,LNPK,,,,,,,0.144666021,0.021775559
cg13621099,LHX4,,,,,,,0.067095421,0.011957865
cg13647620,IFNGR1,,,,,,,0.031308461,0.002615947
cg13669200,FOXP4,,,,,,,-1.854214613,-0.239424782
cg13673047,EGR3,,,,,,,-0.237401714,-0.181197594
cg13690286,STARD10,,,,,,,-0.455646513,-0.068740112
cg13828719,NRXN2,,,,,,,-0.136513178,-0.081017522
cg13871255,CALCOCO1,,,,,,,-0.001522691,-0.001653134
cg13932197,SON,,,,,,,-0.699745078,-0.085113977
cg14002601,BTRC,,,,,,,0.011161461,0.005391672
cg14037413,ZNF143,,,,,,,0.625687808,0.084902791
cg14056866,POLG,,,,,,,-0.188465847,-0.027793282
cg14155184,TMEM63B,,,,,,,-0.61949768,-0.075410145
cg14338113,MYL9,,,,,,,0.701853495,0.032149744
cg14383179,AGAP3,,,,,,,0.071837874,0.001642834
cg14401402,MEIS2,,,,,,,0.273018778,0.00022974
cg14403768,ZIC1,,,,,,,-0.289780655,-0.03356496
cg14428370,POU4F1,,,,,,,-0.001318154,-0.003196648
cg14451207,HSD17B12,,,,,,,1.774912169,0.407784688
cg21536129,TIMM44,,,,,,,0.246520761,0.06573897
cg14498322,SORL1,,,,,,,-0.137756991,-0.022584368
cg14613677,HIVEP3,,,,,,,-8.35e-05,-0.002460704
cg14641268,PAK3,,,,,,,0.105848549,0.017647957
cg14781469,RASSF8,,,,,,,-0.711112104,-0.040295067
cg14870509,FANCL,,,,,,,-8.31e-05,-0.000926284
cg22044223,HIF1AN,,,,,,,-0.024852551,-0.000407983
cg15091323,BCL11A,,,,,,,0.395593107,0.059051377
cg15112775,KCNIP2,,,,,,,-0.80917152,-0.045140906
cg15183682,AUTS2,,,,,,,0.134665654,0.010894653
cg15253243,TMEM198,,,,,,,2.346349115,0.219381384
cg15262576,CALCOCO1,,,,,,,-0.301775046,-0.01859914
cg15471499,LMX1B,,,,,,,-0.311073412,-0.040041191
cg15548893,OLFML3,,,,,,,-2.046410516,-0.062084232
cg15578619,MRM1,,,,,,,0.093245281,0.011256759
cg15582951,ZBTB10,,,,,,,-0.58218102,-0.059634429
cg15618712,PDE3A,,,,,,,-0.331831473,-0.029127312
cg15684287,DMRTA2,,,,,,,-0.444452281,-0.023536962
cg15771070,FOXO6,,,,,,,-0.154399806,-0.034439717
cg15962375,gene:ENSHGLG00100020696,,,,,,,-0.172587331,-0.014484622
cg15985481,KIF26B,,,,,,,-0.112527415,-0.019037723
cg16023341,CADPS2,,,,,,,0.140728146,0.015682738
cg16032864,NAA11,,,,,,,0.620005412,0.055912627
cg16064137,LMO1,,,,,,,0.194940411,0.001117349
cg23223379,TRIB2,,,,,,,0.083061309,0.012951499
cg16371518,AMBRA1,,,,,,,0.307513477,0.046227831
cg16404365,LMO1,,,,,,,0.500864146,0.034594652
cg16604235,FOXP4,,,,,,,-0.006137782,-0.002758208
cg16632407,PCDH9,,,,,,,-0.206627722,-0.019594154
cg16688387,CDK15,,,,,,,-0.112501835,-0.006953705
cg17012009,USP5,,,,,,,-0.003249396,-0.003546423
cg17115006,GPR6,,,,,,,0.358882899,0.060879115
cg17173497,LDB2,,,,,,,-0.178578667,-0.009278011
cg17179099,APPBP2,,,,,,,-3.842806495,-0.410473185
cg17189172,KLHL29,,,,,,,0.159059336,0.036681499
cg17196551,UNC5A,,,,,,,0.377560816,0.052049052
cg17219472,SLC25A12,,,,,,,-0.519632459,-0.097405996
cg17226346,SPDEF,,,,,,,0.312883866,0.036291659
cg23985931,POU4F1,,,,,,,0.315300797,0.032623524
cg17331712,SRGAP1,,,,,,,-0.298769783,-0.043490218
cg17341782,TMEM33,,,,,,,-0.000412851,-0.002205821
cg17415555,TMTC2,,,,,,,-1.766421372,-0.232313607
cg17443147,ZFHX3,,,,,,,0.148850828,0.008715499
cg17458251,CDH24,,,,,,,-1.138833453,-0.104446959
cg17659328,POLG,,,,,,,-0.076103155,-0.005404586
cg17890349,EYA2,,,,,,,-0.44993311,-0.015185738
cg17923358,RELN,,,,,,,-0.003167089,-0.03500884
cg17986111,LRRTM1,,,,,,,-0.120746842,-0.095400269
cg18081750,DUSP6,,,,,,,-3.647608098,-0.617200212
cg18141729,HOXA11,,,,,,,0.011401397,0.006218512
cg18200760,NTNG1,,,,,,,-1.384058033,-0.001838003
cg18223258,ISL1,,,,,,,-0.881056114,-0.033328305
cg18230281,RAB39B,,,,,,,0.003122075,5.16e-06
cg18255911,PRRC2C,,,,,,,-1.279877111,-0.086547498
cg18304538,OTP,,,,,,,0.33565027,0.048823115
cg18321911,PAH,,,,,,,0.217559122,0.028787765
cg18473521.1,HOXC4,,,,,,,0.41427644,0.055588433
cg18473521.2,HOXC4,,,,,,,0.063593294,0.002155733
cg18502834,EGR3,,,,,,,-1.958276568,-0.236492358
cg18533392,CPEB4,,,,,,,-0.125825054,-0.015189285
cg18588934,PTPA,,,,,,,-0.396916182,-0.056886342
cg18629679,UMPS,,,,,,,0.0624145,0.024344485
cg18753125,FGR,,,,,,,-1.393041242,-0.179002449
cg18797081,ERI3,,,,,,,0.376775652,0.044786487
cg18888015,SLC25A4,,,,,,,-0.167401437,-0.031947831
cg18961099,PYGM,,,,,,,-0.4777542,-0.018267638
cg19095868,RBM12B,,,,,,,-0.214108054,-0.002663749
cg25965355,TENM4,,,,,,,-0.210950797,-0.015135474
cg19314546,FOXP4,,,,,,,-0.171308951,-0.032155291
cg26158731,RERE,,,,,,,0.593191644,0.06361796
cg19425332,SLC18A2,,,,,,,-0.052659322,-0.06662884
cg19591642,SLC5A11,,,,,,,-0.779632201,-0.074878476
cg19626073,RHBDF1,,,,,,,-0.475334285,-0.058059369
cg19723657,GPC5,,,,,,,0.040526605,6.44e-05
cg19839218,RREB1,,,,,,,-0.030420418,-0.046660646
cg26556243,SON,,,,,,,-0.240499936,-0.105761681
cg20049544,CNOT6L,,,,,,,-0.097409659,-0.010113038
cg20073376,RALGAPB,,,,,,,-0.171220629,-0.000191484
cg26677826,RNF220,,,,,,,-0.00858059,-0.005807278
cg20096563,EGR3,,,,,,,-0.318060443,-0.058254489
cg20118823,TCF3,,,,,,,0.288620297,0.002484492
cg20221627,STIM1,,,,,,,-1.051223095,-0.17919109
cg20670041,KDM3B,,,,,,,-0.43759387,-0.065766384
cg20709200,PRKCE,,,,,,,-0.757244453,-0.085141914
cg20728066,PSME3,,,,,,,-1.082000732,-0.162202438
cg27168029,CDC27,,,,,,,-0.129574333,-0.022287842
cg20784465,MED14,,,,,,,-0.224666637,-0.043525515
cg27205362,ADAMTS6,,,,,,,-0.62537404,-0.079672039
cg20913114,ZFAND2A,,,,,,,0.12700867,0.014473983
cg21057587,VSX2,,,,,,,-5.93e-05,-0.008924878
cg21081239,CADM1,,,,,,,-0.161816582,-0.013465095
cg21323387,KCNJ9,,,,,,,-0.107525748,-0.025981148
cg21387328,ZNF438,,,,,,,-0.116475617,-0.00132432
cg27376149,NOL4,,,,,,,-0.069001672,-0.041258514
cg21510166,PAX2,,,,,,,0.000949943,0.034080439
cg27551316,TCF7L2,,,,,,,0.708186255,0.160466872
cg21596317,PAM,,,,,,,2.426176909,0.351034066
cg27564788,gene:ENSHGLG00100020380,,,,,,,0.381731062,0.033216157
cg21815434,gene:ENSHGLG00100020570,,,,,,,-0.002761764,-0.016581321
cg21816821,SLC7A8,,,,,,,0.207506053,0.049772364
cg21826256,MAPKAP1,,,,,,,-0.633799385,-0.050076667
cg21913180,ZNF618,,,,,,,0.037417022,0.019935427
cg22032867,HOXA7,,,,,,,-0.200288714,-0.01187848
cg22100382,ACVR2A,,,,,,,0.130266287,0.016421432
cg22171829.2,PDK4,,,,,,,-0.210872716,-0.030410043
cg22358580,HOXC5,,,,,,,1.772355959,0.187678296
cg22443103,PKNOX2,,,,,,,-0.233183675,-0.031698331
cg22452485,KDM2A,,,,,,,-0.594528202,-0.104505989
cg22464182,ACVR2A,,,,,,,-0.909868428,-0.108426824
cg22515205,AKTIP,,,,,,,-0.330238222,-0.039190117
cg22536132,CUX1,,,,,,,0.080036746,0.008987654
cg22669570,CDH7,,,,,,,0.161263979,0.028595186
cg22763089,ESRRG,,,,,,,-0.105453848,-0.004455854
cg22952564,ZSWIM6,,,,,,,-0.211612161,-0.034162456
cg23003419,NFIA,,,,,,,-0.061038164,-0.033505723
cg23075119,LTBP3,,,,,,,-0.323770304,-0.003680403
cg23127199,NFX1,,,,,,,-0.875186915,-0.117910529
cg25304608,CADM2,,,,,,,0.758253966,0.056162765
cg25356878,ZNF521,,,,,,,-1.847336363,-0.264765654
cg23405680,NR2F2,,,,,,,-0.359611572,-0.011280102
cg25485747,LRMDA,,,,,,,-0.068228812,-0.008020964
cg23449274,AMBRA1,,,,,,,0.768743913,0.0675023
cg23463050,DOK3,,,,,,,-0.001365965,-0.023092777
cg23662675,EYA2,,,,,,,0.776988814,0.042045149
cg23662713,gene:ENSHGLG00100020165,,,,,,,-0.034595237,-0.001516959
cg23681938,CELF4,,,,,,,0.00943127,0.003633684
cg23687194,MBOAT1,,,,,,,0.11660648,0.015554008
cg23691177,FANCL,,,,,,,0.151727533,0.007793474
cg23752476,ZBTB20,,,,,,,0.026045452,0.005851327
cg23841180,LAMC1,,,,,,,0.002969229,0.002661579
cg23930466,ME3,,,,,,,-0.261793527,-0.035893305
cg26048456,PCDH9,,,,,,,-0.018821053,-0.029122839
cg24089067,MRM1,,,,,,,0.557204743,0.06288723
cg24098248,RNF220,,,,,,,0.010107515,0.006728699
cg26245705,gene:ENSHGLG00100019632,,,,,,,-0.10228852,-0.010243872
cg24231456,ENOX1,,,,,,,0.192852661,0.018037298
cg24260138,YLPM1,,,,,,,-1.458410968,-0.046301688
cg24396988,Calm1,,,,,,,-0.051831767,-0.004595532
cg24462233,NOP56,,,,,,,0.41064904,0.084321452
cg24491929,SRRM2,,,,,,,-0.725472464,-0.148713128
cg24504442,MEIS2,,,,,,,1.211931435,0.118271821
cg24534517,HOXC4,,,,,,,-0.332210342,-0.027415011
cg24546207,ZNF608,,,,,,,0.153032262,0.012250299
cg24595223,LHX2,,,,,,,0.358970829,0.051302961
cg24644551,PRDM13,,,,,,,0.730649935,0.105259805
cg24712893,NPAS3,,,,,,,-0.128420894,-0.013621364
cg25699407,MBOAT1,,,,,,,0.024336634,0.008891882
cg25073742,ANAPC5,,,,,,,0.523539622,0.096103284
cg25149191,PRC1,,,,,,,2.283630177,0.32061522
cg25184738,ACVR2A,,,,,,,-1.344352472,-0.225193593
cg25276324,DYRK1A,,,,,,,0.401223266,0.061869632
cg25291023,CRK,,,,,,,-0.798042452,-0.157390557
cg27109335,PTPRA,,,,,,,0.577432357,0.075483129
cg27152642,MBNL2,,,,,,,-0.162268227,-0.128791069
cg25395799,RORA,,,,,,,-0.030128342,-0.002901403
cg27205180,MAB21L1,,,,,,,0.094770451,0.01176269
cg25592314,CBLN1,,,,,,,-0.008582204,-0.007417244
cg26228214,AUTS2,,,,,,,0.012966128,0.000771223
cg25751973,POLR3A,,,,,,,-0.294171071,-0.068500879
cg25799256,HOXC4,,,,,,,0.1515376,0.024712406
cg25896754,WRAP53,,,,,,,-6.390888659,-0.591432044
cg25918248,RNASEK,,,,,,,-0.000239217,-0.000446633
cg26495571,DAZAP1,,,,,,,-0.000342621,-0.024923688
cg25922845,ZEB2,,,,,,,-0.854033076,-0.08956664
cg25947654,AP3B1,,,,,,,-0.202972398,-0.016164576
cg27656592,VSNL1,,,,,,,-1.051222595,-0.171241847
cg26097093,RNF220,,,,,,,0.04847852,0.022124791
cg27216483,SLC5A11,,,,,,,-2.071142137,-0.138877326
cg26699785,FANCL,,,,,,,-0.231457995,-0.028905053
cg26284526,SALL1,,,,,,,-0.053087296,-0.007197659
cg26301436,HOXB8,,,,,,,0.157326279,0.012904403
cg26360901,CHD3,,,,,,,0.41445543,0.062470065
cg26391562,ZNF438,,,,,,,-0.382637812,-0.036608917
cg27070413,SPNS3,,,,,,,-1.430040389,-0.200701063
cg26548760,OLFML2A,,,,,,,0.505771936,0.081346435
cg27248455,ALOXE3,,,,,,,-0.834588431,-0.066331582
cg26603448,PCCB,,,,,,,0.323271153,0.1620936
cg26651528,NHS,,,,,,,0.180093042,0.03500107
cg26903477,E2F3,,,,,,,5.991665428,0.711891662
cg27313020,AMZ2,,,,,,,0.840893548,0.047712103
cg26869371,FGF7,,,,,,,-0.099963992,-0.009289801
cg27286591,TSHZ3,,,,,,,0.104251923,0.025169041
cg27300575,BIRC3,,,,,,,1.590321968,0.199634821
cg27386817,RNF220,,,,,,,-0.150973244,-0.019104818
V16900,,,1.225501249,,,,,,
V8543,,,0.937594087,,,,,,
V1170,,,-0.218395377,,,,,,
V16995,,,-1.585377162,,,,,,
V17415,,,-5.232813004,,,,,,
V17421,,,6.434565768,,,,,,
V9365,,,-0.883367283,,,,,,
V9701,,,-4.396655105,,,,,,
V2524,,,-0.996865922,,,,,,
cg19369305,NMS,-1.144438531,,,,,,-0.000336042,
V10155,,,0.818055448,,,,,,
V10911,,,3.24651689,,,,,,
V11368,,,-4.416138961,,,,,,
V3846,,,4.169442925,,,,,,
V11631,,,8.646544978,,,,,,
V4290,,,2.202839969,,,,,,
V21146,,,-0.476891637,,,,,,
cg20751146,GABRA4,,,,0.869205003,,,-0.055342621,
V21811,,,-1.977875449,,,,,,
V29995,,,-0.175004062,,,,,,
V5410,,,11.95126554,,,,,,
V22094,,,-0.339431796,,,,,,
cg21676597,NFIB,-0.091920389,,,,,,,
V22333,,,-2.598674404,,,,,,
cg22400231,EVX2,8.336324317,,1.374679283,,,,,
cg02532525,HIC1,,,0.641434335,2.326247671,0.174283991,3.22375794,,
V23099,,,-0.240596868,,,,,,
cg25033393,PKN2,0.442014717,,,,,,,
V5968,,,-1.470008451,,,,,,
cg01752243,HSD17B12,7.878959499,,,,,17.91007873,,
cg01398352,ZNF462,-1.131708682,,,,,,,
V6713,,,2.76957191,,,,,,
V6776,,,0.39507464,,,,,,
cg02524931,MSH2,0.211918187,,,,,,,
cg27181123,MSL1,-2.151816672,,,,,,,
cg03668274,HOXC5,1.374971593,,,,,,,
V170,,,0.152768191,,,,,,
V207,,,-0.46720654,,,,,,
cg05532671,gene:ENSHGLG00100019632,0.482857629,,,,,,,
cg21307980,SLC17A6,0.031418324,,,,4.912979599,,,
cg07990641,RNF145,4.717232975,,,,,,,
V763,,,0.713663378,,,,,,
cg09816912,HS3ST5,7.399331717,,,,,,,
cg26260350,OTX1,7.886105566,,,,8.493198408,,,
V1311,,,-4.80307559,,,,,,
V1917,,,-0.0794271,,,,,,
V2004,,,-3.024173464,,,,,,
cg13182287,ROMO1,-0.191628892,,,,,,,
cg13303724,FCHO2,-1.154915371,,,,,,,
cg05173279,KCNN2,7.333767422,,0.799390423,4.888280489,,,,
V2635,,,-1.849333175,,,,,,
cg15247199,SKIDA1,0.112913565,,,,,,,
cg16030772,ZBTB20,-0.102727756,,,,,,,
cg18160762,NLGN2,-0.303429658,,,,,,,
cg12451099,SLC32A1,0.378117164,,,3.964182011,,,,
cg19893145,ELOVL7,-0.475814537,,,,,,,
cg18897683,KCNN2,,,4.191027021,0.343778938,,,,
V4544,,,-1.944279586,,,,,,
cg20411049,RSF1,0.590521603,,,,,,,
V5258,,,-6.101136007,,,,,,
V12927,,,0.63530952,,,,,,
cg12017700,IGF2BP3,4.044613737,,7.902279443,,,,,
V5574,,,-9.437709239,,,,,,
V5576,,,2.388745308,,,,,,
V5612,,,5.682851815,,,,,,
cg24060890,XPA,-2.361136345,,-1.282942213,,,,,
V5685,,,-0.346822328,,,,,,
V5686,,,-5.381950285,,,,,,
V14518,,,10.49200966,,,,,,
cg00811020,NAA30,-21.47764481,,,,,,,
V6225,,,-0.007028911,,,,,,
V15035,,,-1.197540518,,,,,,
V15117,,,-6.347394054,,,,,,
cg26589497,PURA,-1.212107306,,,,,,,
V7041,,,5.325245065,,,,,,
V7542,,,2.405528141,,,,,,
V7546,,,2.258303472,,,,,,
V7762,,,-4.800454459,,,,,,
V226,,,1.825251696,,,,,,
V592,,,-3.606452345,,,,,,
V601,,,1.202755349,,,,,,
V8536,,,2.453984095,,,,,,
V1098,,,-56.08511232,,,,,,
cg11120353,CACNA1D,-0.576098866,,,,,,,
V8674,,,1.620082313,,,,,,
V8908,,,-0.280857461,,,,,,
V9093,,,-61.56450741,,,,,,
V2039,,,-0.855060145,,,,,,
V2294,,,0.260534935,,,,,,
cg13843674,RMDN1,-0.578713174,,,,,,,
V9812,,,9.142720149,,,,,,
V2884,,,-0.287282115,,,,,,
V3001,,,12.88576841,,,,,,
V3568,,,-2.502566066,,,,,,
cg22881140,HAND2,0.155757509,,,,,,,
V3994,,,1.148381174,,,,,,
cg20009490,CASZ1,-0.194932283,,,,,,,
V11693,,,0.255279351,,,,,,
V4993,,,1.253366651,,,,,,
V12688,,,7.086903429,,,,,,
V21842,,,0.15059362,,,,,,
V5559,,,16.0802076,,,,,,
V13355,,,-2.059808013,,,,,,
V13414,,,27.79943504,,,,,,
V13458,,,3.669428717,,,,,,
cg22638407,HECTD3,-1.373510002,,,,,,,
V14055,,,5.032993374,,,,,,
V14105,,,-0.482716541,,,,,,
V23261,,,6.574021514,,,,,,
V6001,,,-0.03366025,,,,,,
V14970,,,-0.579676502,,,,,,
V24141,,,-1.496121157,,,,,,
V24932,,,-13.07062686,,,,,,
V6922,,,2.933634102,,,,,,
V15569,,,-0.380257742,,,,,,
V15613,,,0.662361263,,,,,,
V15766,,,-0.713025353,,,,,,
V15773,,,0.18812153,,,,,,
V8047,,,-3.129740106,,,,,,
V8073,,,-0.302960006,,,,,,
V8088,,,0.02324133,,,,,,
V36624,,,1.385806278,,,,,,
V27331,,,-3.219816922,,,,,,
cg18140959,PTGS1,,,,0.975839717,,,,
cg24378708,SHOX2,,,25.85998015,,,,,
cg09706290,IKZF1,,,,,,,0.046514797,
V35344,,,-6.395455645,,,,,,
V37305,,,-1.014929158,,,,,,
V28788,,,-0.820588754,,,,,,
cg11105656,CELF4,,,,2.326814338,,,,
V18641,,,-4.847318532,,,,,,
V36219,,,-0.070696671,,,,,,
V37533,,,2.817831812,,,,,,
V29418,,,-15.71762282,,,,,,
V37534,,,0.341299738,,,,,,
V29537,,,-0.638486559,,,,,,
cg23052275,HOXB8,,,0.862918813,,,,,
cg01214458,MN1,,,2.648460219,,,,,
V11700,,,1.735182938,,,,,,
cg10755942,MEIS1,,,-11.40444523,,,,,
cg02644056,LRBA,,,0.176490545,,,,,
V13095,,,3.942862532,,,,,,
V30462,,,0.82953315,,,,,,
V22216,,,0.062712706,,,,,,
V30919,,,-0.944473027,,,,,,
V5648,,,-1.285892137,,,,,,
V22774,,,-3.001597492,,,,,,
cg22397546,TLX3,,,2.211687258,,,,,
V31086,,,4.622468337,,,,,,
V14770,,,1.297042218,,,,,,
V23967,,,3.900694053,,,,,,
V31809,,,7.521204883,,,,,,
V31958,,,-7.506237638,,,,,,
V15285,,,1.065815938,,,,,,
V25558,,,-0.120028377,,,,,,
V25804,,,0.05036246,,,,,,
V26257,,,7.387638435,,,,,,
V26314,,,-2.651331665,,,,,,
V16307,,,2.154210219,,,,,,
V16576,,,0.016608203,,,,,,
V16666,,,-8.869231506,,,,,,
V26864,,,-2.007063972,,,,,,
V16963,,,4.517644307,,,,,,
V8550,,,-0.576255619,,,,,,
V27337,,,-0.002902762,,,,,,
V27890,,,1.643884181,,,,,,
V28129,,,0.5016737,,,,,,
V17724,,,-0.668296994,,,,,,
V17774,,,-0.032995727,,,,,,
V9768,,,0.182159061,,,,,,
V28809,,,-5.215317079,,,,,,
V18801,,,-0.164005916,,,,,,
V18946,,,5.01591149,,,,,,
V20525,,,31.46597333,,,,,,
V11446,,,5.624287929,,,,,,
V20885,,,-0.017306829,,,,,,
V11676,,,-1.786949932,,,,,,
V29747,,,4.373091002,,,,,,
V21718,,,-0.880275489,,,,,,
V29932,,,-2.032766551,,,,,,
V36832,,,-1.765658129,,,,,,
V21923,,,3.41514868,,,,,,
cg03458585,BCL11A,,,-16.71392651,,,,,
V30745,,,-8.017768537,,,,,,
V30812,,,2.635829297,,,,,,
V14039,,,-1.490950363,,,,,,
V30933,,,-0.441719601,,,,,,
V30963,,,-1.430314138,,,,,,
V34479,,,0.452184881,,,,,,
V23311,,,1.485504557,,,,,,
V31711,,,0.143601444,,,,,,
cg25982943,LHFPL4,,,4.873539759,,,,,
cg22033619,BCL11A,,,-0.048873177,,,,,
V25068,,,4.812919678,,,,,,
V32267,,,-3.767978663,,,,,,
V32498,,,-3.090838384,,,,,,
V32664,,,-1.3083664,,,,,,
V32856,,,15.09469203,,,,,,
V26358,,,-0.018785777,,,,,,
V26468,,,-2.911796918,,,,,,
V26500,,,2.041293363,,,,,,
V36490,,,1.179371125,,,,,,
V27058,,,-0.848117298,,,,,,
V16989,,,-9.325890597,,,,,,
V34955,,,-5.989768732,,,,,,
V34986,,,0.494406896,,,,,,
V35156,,,-0.036461252,,,,,,
V28479,,,-4.285430813,,,,,,
V28645,,,0.332672294,,,,,,
V18074,,,-7.762167634,,,,,,
V37367,,,-2.958997182,,,,,,
V28845,,,1.262270177,,,,,,
V28859,,,-4.105250206,,,,,,
V29254,,,2.45708712,,,,,,
V20856,,,2.250975881,,,,,,
V29428,,,9.594545124,,,,,,
V21096,,,0.078362633,,,,,,
cg01212216,LDLRAD3,,,-1.542242984,,,,,
V29752,,,-1.690925624,,,,,,
cg02478760,GATA3,,,1.935697296,,,,,
V32074,,,0.150534177,,,,,,
V30211,,,-0.431461342,,,,,,
cg22090756,ADGRL1,,,-0.664988509,,,,,
cg03477060,BCL11A,,,-1.1112738,,,,,
V37526,,,-1.276570344,,,,,,
V22359,,,-0.573384209,,,,,,
cg15682828,gene:ENSHGLG00100019632,,,2.321699593,,,,,
V34081,,,0.176205933,,,,,,
cg06564900,FIGN,,,9.210059094,,,,,
V31480,,,0.012738135,,,,,,
V34618,,,0.021155157,,,,,,
cg05215357,ELAVL2,,,,0.719168734,,,,
cg06944510,ELAVL2,,,,6.229710663,,,,
V36760,,,0.174362698,,,,,,
cg14344369,BCL11A,,,-12.40079767,,,,,
V35504,,,0.630262428,,,,,,
V35611,,,9.497969227,,,,,,
V35655,,,-0.819168458,,,,,,
V32901,,,9.55672926,,,,,,
V33913,,,4.018745786,,,,,,
V36377,,,0.680473638,,,,,,
cg27553955,KCNG3,,,,,0.683967154,,,
cg09622673,BTRC,,,,,,,0.120000211,
V36686,,,-0.471230787,,,,,,
cg14850368,MDGA2,,,,,6.011076187,,,
cg19769850,BARHL2,,,,,5.887383845,,,
cg07332354,MEF2C,,,,0.69200725,,,,
cg16614832,PDSS2,,,,,,,-0.306787113,
cg23507236,GRIP2,,,,,,,0.027382422,
cg03382217,BCL11B,,,,,,,0.000328546,
cg10726346,NFIB,,,,,,-1.814293637,,
V35774,,,-5.540118453,,,,,,
cg24773146,TUBGCP3,,,,0.831370927,,,,
cg15956344,gene:ENSHGLG00100021074,,,,0.492505821,,,,
cg03590843,TMEM63B,,,,,,,0.001811419,
cg03644155,NDP,,,,,,,-0.033403172,
cg07607664,ETAA1,,,-1.520227579,,,,,
cg13214349,PRKAR2B,,,,,,-6.075887293,,
cg03734211,HOXC8,,,,,,,-0.068318072,
cg12900023,WDR81,,,-0.672305838,,,,,
cg04138506,HOXC4,,,,,,,-0.000767706,
cg10765212,COL5A2,,,,,,,0.000595022,
cg11450139,TMEM174,,,,,,-2.067317896,,
cg22015001,PPP1R21,,,,,,-5.519143325,,
cg13479141,FANCL,,,-1.684876696,,,,,
cg04349239,RBM41,,,,,,,0.041522609,
cg15154755,GRM7,,,,1.933301203,,,,
cg20090258,SMG6,,,0.30285935,,,,,
cg10988052,WNK2,,,,,,,-0.118353392,
V34482,,,-1.667870111,,,,,,
cg16468500,POLR3A,,,,4.678274663,,,,
V36729,,,2.80432811,,,,,,
cg16198067,TMEM161B,,,,4.749584563,,,,
cg19067187,ISL1,,,-0.214064555,,,,,
cg21474882,gene:ENSHGLG00100021074,,,,0.271151347,,,,
cg25005357.2,CGNL1,,,-0.140259912,,,,,
cg09980522,GRIA4,,,,0.20736979,,,,
cg00200899,NOL4,,,,0.795086549,,,,
cg01562774,TWIST1,,,,0.763067147,,,,
cg16715425,GRIA1,,,,0.30740959,,,,
cg02676375,TLX3,,,,6.405182291,,,,
V36757,,,0.63745502,,,,,,
cg22316499,WDR92,,,,,-3.468832662,,,
cg16555117,MRPS18A,,,,,,-1.563762315,,
cg23763361,IRX3,,,,,,-2.36117639,,
cg09626366,CACNA1D,,,,,,-3.156954475,,
cg20821026,ZDHHC17,,,,,,,-0.131562927,
cg12337473,MEF2C,,,,,,,0.001739567,
cg08578734,GRIA1,,,,5.440974247,,,,
V37316,,,2.500145061,,,,,,
cg00209445,TMEM71,,,,,,,0.081533886,
cg00797540,ZADH2,,,,,,-2.256491662,,
cg05098623,TSPAN1,,,0.736035265,,,,,
cg25813765,UNC5A,,,,,,,-0.002197569,
cg03582041,HOXA11,,,,,4.77693133,,,
cg20477718,TWIST1,,,,0.5713368,,,,
cg23720638,RPRD2,,,,,,,-0.366765475,
cg00910419,BCL11A,,,,,,,0.819593777,
cg07865615,PTPRE,,,-0.567589372,,,,,
cg21532698,KCNN2,,,,3.418075986,,,,
cg18838206,ACTRT2,,,,,,0.367500654,,
cg25055739,CA10,,,,2.961086238,,,,
cg14842184,NOLC1,,,,,,,-0.152796071,
cg01213012,USP5,,,,,,,-0.231828535,
cg14014075,ACTRT2,,,,,,0.903537324,,
cg14946072,RBFOX1,,,,1.333195044,,,,
cg07115282,SCRT2,,,,,9.331449312,,,
cg10375861,gene:ENSHGLG00100019963,,,,,,-0.135468593,,
cg13935553,RASSF8,,,,,,-4.848160024,,
cg19549894,PAX6,,,8.659257161,,,,,
cg23346072,OTP,,,,,2.209313563,,,
cg25704502,KIAA0408,,,,0.290803771,,,,
cg20876490,SPRED1,,,,,,-1.602909154,,
cg15006148,GPR180,,,,,-0.3968599,,,
cg13660279,IRX3,,,,0.116757186,,,,
cg02784437,TUBGCP3,,,,,1.220393708,,,
cg00524115,UBIAD1,,,,,1.833914789,,,
cg10810799,HOXC12,,,,,3.19881291,,,
cg05656590,MECOM,,,,,,,-0.434602408,
cg10314406,SRRM2,,,,,,-0.650369042,,
cg27496468,NR2E1,,,,,2.059679338,,,
cg22048239,FBXO33,,,,,,-4.674190103,,
cg04074570,SLC39A5,,,,,,-3.659507294,,
cg23130254,HOXD12,,,,,,,-0.076916434,
cg18433461,SLC25A4,,,,,,,-0.086440983,
cg19115817,PAPOLG,,,,,,,4.9e-05,
cg05402636,RNF19B,,,,,,,0.027411552,
cg00971969,DDX17,,,,,,,-0.036669295,
cg14213846,ZC3H3,,,,,,,0.031605804,
cg00190912,TLN2,,,,,,,0.024701488,
cg16643400,IKZF2,,,,,,,0.074019256,
cg24189185,FGF5,,,,,,,0.08887023,
cg08370996,NR2F2,,,,,,,0.137831064,
cg17459848,C16orf72,,,,,,,0.017457535,
cg05784086,HOXC8,,,,,,,-0.058524272,
cg05803081,SCRT2,,,,,,,-0.510658727,
cg05861987,CADPS2,,,,,,,0.074822424,
cg05866252,FOXO6,,,,,,,-0.024346501,
cg01579428,KCNJ9,,,,,,,-0.024702898,
cg19127418,PCDH7,,,,,,,0.000186747,
cg04879945,RORA,,,,,,,0.089800715,
cg00976203,ADAMTS6,,,,,,,-0.124020417,
cg24094043,NLGN2,,,,,,,-0.976146202,
cg06792381,AP1G1,,,,,,,0.152060229,
cg01997098,JMJD1C,,,,,,,-0.101441538,
cg02034779,MUL1,,,,,,,0.025188454,
cg11552482,ACVR2A,,,,,,,0.141275164,
cg08446005,SOCS3,,,,,,,0.001669758,
cg22199101,FKBP5,,,,,,,-0.01038017,
cg17754115,DMBX1,,,,,,,0.154528593,
cg01572724,TSPAN17,,,,,,,0.030289809,
cg14005972,SLC36A4,,,,,,,-0.063550189,
cg08885324,SLC44A1,,,,,,,-0.0807607,
cg14577476,MBTD1,,,,,,,-1.165943287,
cg01796610,CMIP,,,,,,,0.263878081,
cg09084199,MAF,,,,,,,0.141038419,
cg05577345,INSIG2,,,,,,,-0.143347804,
cg25683012,ATP5F1B,,,,,,,-1.027935992,
cg23658721,WNT3,,,,,,,0.152796626,
cg06200735,ABCC4,,,,,,,-0.090617618,
cg09461098,SLC5A11,,,,,,,-0.042143055,
cg23116266,HIVEP1,,,,,,,-0.044568603,
cg05273821,HOXC4,,,,,,,-0.03471876,
cg18409102,ZBTB16,,,,,,,-0.392215475,
cg18968947,RAB11FIP2,,,,,,,0.028159331,
cg07828495,FOXB1,,,,,,,0.028758056,
cg26578422,PRRC2C,,,,,,,0.049859621,
cg12887931,SLC25A12,,,,,,,-0.320990114,
cg25539759,EFNB2,,,,,,,0.099201004,
cg13142119,GORAB,,,,,,,-0.079513426,
cg20989633,MAGI1,,,,,,,-0.000862895,
cg27251107,C15orf41,,,,,,,-0.18900883,
cg11527171,QTRT1,,,,,,,0.511817001,
cg06214109,ZNF608,,,,,,,0.089359586,
cg04423201,KLF9,,,,,,,-1.192518303,
cg18897345,DDX17,,,,,,,-0.064522288,
cg13367589,CHKA,,,,,,,-4.54e-05,
cg04582364,FST,,,,,,,0.074031094,
cg04762133,AGO3,,,,,,,0.021930718,
cg25921329,CADM1,,,,,,,0.204103481,
cg15294367,OXGR1,,,,,,,0.075740401,
cg19329327,LMO4,,,,,,,0.004848334,
cg13656158,WFS1,,,,,,,0.115853338,
cg20303044,EXT1,,,,,,,-0.131778115,
cg06796779,GATA2,,,,,,,-0.070884823,
cg08215831,CRH,,,,,,,0.054263743,
cg27043849,PCOLCE,,,,,,,-0.072178982,
cg06472439,FAM172A,,,,,,,0.231816101,
cg10967836,FAM120A,,,,,,,0.066118633,
cg07062661,MAFF,,,,,,,0.04371557,
cg18397269,PAX5,,,,,,,0.05800267,
cg14670966,RRP15,,,,,,,0.051496816,
cg27705950,LDAH,,,,,,,0.009123002,
cg05194810,DLX1,,,,,,,0.018982351,
cg06762090,SEMA5B,,,,,,,0.103050398,
cg22038343,TPP2,,,,,,,0.009708065,
cg22097793,PPIC,,,,,,,-0.015286053,
cg19777105,TMEM161B,,,,,,,-0.107781745,
cg17553901,USP5,,,,,,,-0.005365376,
cg24341129,BNC2,,,,,,,0.038472654,
cg19633001,gene:ENSHGLG00100020165,,,,,,,-0.000491189,
cg20117682,ITGB8,,,,,,,0.002532287,
cg06247149,HOXC12,,,,,,,-0.069795921,
cg27626343,SNX22,,,,,,,-0.205292667,
cg17997463,NUMA1,,,,,,,-0.015567583,
cg13309513,TUBG1,,,,,,,-0.538432697,
cg27003880,TFAP2A,,,,,,,-0.017995873,
cg07031236,ANAPC16,,,,,,,-0.007646214,
cg26792594,DENND1A,,,,,,,0.085079953,
cg19619003,FOXO6,,,,,,,-0.11618889,
cg20435403,HOXC4,,,,,,,-0.006422464,
cg11084334,LHFPL4,,,,,,,0.165100649,
cg20348567,CIC,,,,,,,,-0.008241951
cg00027863,TNFSF13,,,,,,,,-0.008203867
cg16160648,ZBTB7C,,,,,,,,0.002476263
cg27005345,KLHL14,,,,,,,,0.014248908
cg00279752,NPAS3,,,,,,,,-0.026644868
cg00487538,PAX7,,,,,,,,0.003289439
cg07782006,CADM1,,,,,,,,-0.025947597
cg00674815,ADAMTS6,,,,,,,,-0.000489805
cg21219688,SPTBN1,,,,,,,,0.049822427
cg25420162,ARID5B,,,,,,,,-0.002517351
cg16671155,ACTN1,,,,,,,,0.043338517
cg03574244,ERI3,,,,,,,,0.001119035
cg16793862,ATXN2L,,,,,,,,0.026726765
cg00893084,LRP1,,,,,,,,0.00564752
cg03822661,CCDC17,,,,,,,,0.017156272
cg03957108,OTX1,,,,,,,,0.018694572
cg01088404,HDAC7,,,,,,,,-0.008407613
cg01155266,WDR5B,,,,,,,,-0.015150777
cg08613933,PAX2,,,,,,,,-0.035340476
cg08657650,ZSWIM6,,,,,,,,0.031610538
cg27454487,ADAMTS6,,,,,,,,-0.001061594
cg08856808,TRAPPC12,,,,,,,,-0.048422509
cg15125251,gene:ENSHGLG00100019495,,,,,,,,-0.011682894
cg04422341,FOXO6,,,,,,,,-0.002948572
cg08887457,NRP2,,,,,,,,0.000253066
cg01593408,LRMDA,,,,,,,,-0.005919233
cg22131459,BEND5,,,,,,,,0.039416304
cg09035699,MEIKIN,,,,,,,,-0.004477385
cg09155844,GPR26,,,,,,,,0.003620884
cg17638929,MBTD1,,,,,,,,0.014753703
cg22377379,STAG2,,,,,,,,0.048427746
cg09289224,SLC44A2,,,,,,,,-0.004431258
cg02270531,FOXP4,,,,,,,,-0.000304251
cg02298541,ST8SIA4,,,,,,,,0.003934271
cg02299271,PBX3,,,,,,,,0.023540017
cg17983153,UBTF,,,,,,,,-0.015936845
cg15905736,HOXC6,,,,,,,,0.008822876
cg05314634,HDAC7,,,,,,,,-0.006551432
cg22789469,RABGAP1L,,,,,,,,-0.003030591
cg24932816,LMO4,,,,,,,,-0.054637789
cg02855204,BCL2L2-PABPN1,,,,,,,,-0.001159096
cg26709530,MBNL1,,,,,,,,-0.000310555
cg05543238,GTF2A1,,,,,,,,-0.050260766
cg03134455,PRDM16,,,,,,,,-0.006445316
cg16168311,NAXE,,,,,,,,-0.008677562
cg07768842,FGR,,,,,,,,-0.107531177
cg09988058,SOCS7,,,,,,,,0.01038077
cg10057411,INSC,,,,,,,,0.000692226
cg10103348,PCCB,,,,,,,,-0.33905767
cg17230508,DMBX1,,,,,,,,-0.001297003
cg18541104,HSD17B12,,,,,,,,0.068785854
cg25534230,ZBTB20,,,,,,,,0.017956589
cg05949171,CDH13,,,,,,,,-0.011737799
cg10528602,CDH8,,,,,,,,0.005391175
cg06038792,LINGO1,,,,,,,,-0.001593378
cg11209338,GLYCTK,,,,,,,,0.00558903
cg04030186,LGI1,,,,,,,,-0.011060516
cg18944151,FOXA2,,,,,,,,-0.011423253
cg04095564,SKIDA1,,,,,,,,0.066495059
cg10717922,MED12L,,,,,,,,-0.065752015
cg24061023,KDM6B,,,,,,,,0.005813243
cg13089275,LMO1,,,,,,,,-0.095700447
cg07386222,ZSWIM8,,,,,,,,-0.023732901
cg22023191,CNOT6L,,,,,,,,-0.001628688
cg24803018,Clk2,,,,,,,,-0.049769216
cg24326951,PITPNM3,,,,,,,,-0.01792525
cg04626222,gene:ENSHGLG00100003825,,,,,,,,0.002758286
cg04680480,RHPN1,,,,,,,,0.013519703
cg22951079,LHX2,,,,,,,,-0.021270629
cg07043724,HOXB8,,,,,,,,0.002203981
cg17655329,PTX3,,,,,,,,0.000268701
cg11275491,PTPRD,,,,,,,,-0.006194852
cg17801256,ZMYM4,,,,,,,,0.034636836
cg11373055,EGR3,,,,,,,,0.038104455
cg15674081,LRMDA,,,,,,,,-0.007840728
cg13061698,SYNCRIP,,,,,,,,0.009420188
cg05223134,DGKB,,,,,,,,-0.00721229
cg13739934,POU4F1,,,,,,,,-0.004336746
cg18082149,BARHL2,,,,,,,,0.005990228
cg20280916,PBX1,,,,,,,,0.027304594
cg13944639,FGF5,,,,,,,,-0.039566137
cg18596025,NUMA1,,,,,,,,-0.000322366
cg07032889,FGF9,,,,,,,,-0.022048924
cg12286733,DMPK,,,,,,,,8.94e-07
cg07060238,TSC22D2,,,,,,,,-0.000315207
cg12938952,SALL3,,,,,,,,-0.004742712
cg05750171,ZNF574,,,,,,,,0.031399069
cg14306812,LPP,,,,,,,,0.073137867
cg25310719,E2F3,,,,,,,,0.017870723
cg27543783,UNK,,,,,,,,-0.459413407
cg19331623,TFAP2A,,,,,,,,0.002939041
cg20323441,PKNOX2,,,,,,,,-0.012942027
cg19719141,DMBX1,,,,,,,,0.00906353
cg25603344,UTP11,,,,,,,,-0.010944811
cg19756357,MNT,,,,,,,,-0.02412938
cg13051748,WDR6,,,,,,,,-0.000109829
cg25760286,PAK3,,,,,,,,0.012812814
cg10623282,ZNF483,,,,,,,,-0.008294386
cg19963038,RNF220,,,,,,,,0.005920171
cg12786585,KCNQ1,,,,,,,,-6.84e-05
cg06419952,MED14,,,,,,,,0.00240529
cg27397465,HS3ST5,,,,,,,,0.004775616
cg09410314,RREB1,,,,,,,,-0.003313142
cg23933618,PAX6,,,,,,,,-0.005281429
cg07284967,DMBX1,,,,,,,,-0.007874482
cg22200527,DLG3,,,,,,,,0.001496936
cg15201877,PTGER3,,,,,,,,0.006378748
cg24898582,RBFOX2,,,,,,,,0.006032294
cg15195387,AK7,,,,,,,,-0.01193647
cg24580589,MGST2,,,,,,,,-0.113404103
cg20026415,HOXC11,,,,,,,,-0.00240605
cg27050569,TSPAN1,,,,,,,,0.008592088
cg25843357,TTLL11,,,,,,,,0.000239679
cg27379399,FGR,,,,,,,,-0.009330303
cg11150973,FIGN,,,,,,,,0.001069933
cg17193033,RRP15,,,,,,,,0.001029336
cg14270451,TCF4,,,,,,,,-0.001627695
